-3.3,2.48
-3.2998,2.48
-3.2996,2.48
-3.29939975,2.56
-3.29919975,2.48
-3.299,2.48
-3.2988,2.48
-3.2986,2.48
-3.2984,2.48
-3.2982,2.48
-3.29799975,2.48
-3.29779975,2.48
-3.2976,2.48
-3.2974,2.48
-3.2972,2.48
-3.297,2.48
-3.2968,2.48
-3.29659975,2.48
-3.29639975,2.56
-3.29619975,2.48
-3.296,2.48
-3.2958,2.48
-3.2956,2.48
-3.2954,2.48
-3.29519975,2.48
-3.29499975,2.48
-3.29479975,2.56
-3.2946,2.48
-3.2944,2.48
-3.2942,2.48
-3.294,2.48
-3.2938,2.56
-3.29359975,2.48
-3.29339975,2.48
-3.2932,2.48
-3.293,2.48
-3.2928,2.56
-3.2926,2.48
-3.2924,2.48
-3.29219975,2.48
-3.29199975,2.48
-3.2918,2.48
-3.2916,2.56
-3.2914,2.48
-3.2912,2.56
-3.291,2.48
-3.29079975,2.48
-3.29059975,2.48
-3.2904,2.48
-3.2902,2.48
-3.29,2.48
-3.2898,2.48
-3.2896,2.48
-3.28939975,2.48
-3.28919975,2.48
-3.289,2.48
-3.2888,2.48
-3.2886,2.48
-3.2884,2.48
-3.2882,2.48
-3.28799975,2.48
-3.28779975,2.56
-3.28759975,2.48
-3.2874,2.48
-3.2872,2.48
-3.287,2.48
-3.2868,2.48
-3.28659975,2.48
-3.28639975,2.48
-3.28619975,2.48
-3.286,2.56
-3.2858,2.48
-3.2856,2.48
-3.2854,2.48
-3.2852,2.56
-3.28499975,2.48
-3.28479975,2.48
-3.2846,2.48
-3.2844,2.48
-3.2842,2.48
-3.284,2.48
-3.2838,2.48
-3.28359975,2.56
-3.28339975,2.48
-3.2832,2.48
-3.283,2.48
-3.2828,2.48
-3.2826,2.48
-3.2824,2.48
-3.28219975,2.56
-3.28199975,2.48
-3.2818,2.48
-3.2816,2.48
-3.2814,2.48
-3.2812,2.48
-3.281,2.48
-3.28079975,2.48
-3.28059975,2.48
-3.28039975,2.48
-3.2802,2.48
-3.28,2.48
-3.2798,2.48
-3.2796,2.48
-3.27939975,2.48
-3.27919975,2.48
-3.27899975,2.48
-3.2788,2.48
-3.2786,2.48
-3.2784,2.48
-3.2782,2.48
-3.278,2.48
-3.27779975,2.48
-3.27759975,2.48
-3.2774,2.48
-3.2772,2.48
-3.277,2.48
-3.2768,2.48
-3.2766,2.48
-3.27639975,2.56
-3.27619975,2.48
-3.276,2.48
-3.2758,2.48
-3.2756,2.48
-3.2754,2.48
-3.2752,2.48
-3.27499975,2.48
-3.27479975,2.48
-3.2746,2.48
-3.2744,2.48
-3.2742,2.48
-3.274,2.48
-3.2738,2.48
-3.27359975,2.48
-3.27339975,2.48
-3.2732,2.48
-3.273,2.48
-3.2728,2.48
-3.2726,2.56
-3.2724,2.48
-3.27219975,2.48
-3.27199975,2.48
-3.27179975,2.48
-3.2716,2.48
-3.2714,2.48
-3.2712,2.48
-3.271,2.48
-3.2708,2.48
-3.27059975,2.48
-3.27039975,2.48
-3.2702,2.56
-3.27,2.48
-3.2698,2.48
-3.2696,2.48
-3.2694,2.48
-3.26919975,2.48
-3.26899975,2.48
-3.2688,2.56
-3.2686,2.48
-3.2684,2.48
-3.2682,2.48
-3.268,2.48
-3.26779975,2.48
-3.26759975,2.48
-3.2674,2.48
-3.2672,2.48
-3.267,2.48
-3.2668,2.48
-3.2666,2.56
-3.26639975,2.48
-3.26619975,2.48
-3.266,2.48
-3.2658,2.48
-3.2656,2.48
-3.2654,2.48
-3.2652,2.48
-3.26499975,2.48
-3.26479975,2.48
-3.26459975,2.48
-3.2644,2.48
-3.2642,2.48
-3.264,2.48
-3.2638,2.48
-3.26359975,2.48
-3.26339975,2.48
-3.26319975,2.48
-3.263,2.48
-3.2628,2.48
-3.2626,2.48
-3.2624,2.48
-3.2622,2.48
-3.26199975,2.48
-3.26179975,2.48
-3.2616,2.48
-3.2614,2.48
-3.2612,2.48
-3.261,2.48
-3.2608,2.48
-3.26059975,2.48
-3.26039975,2.56
-3.2602,2.48
-3.26,2.48
-3.2598,2.48
-3.2596,2.56
-3.2594,2.48
-3.25919975,2.48
-3.25899975,2.48
-3.2588,2.48
-3.2586,2.48
-3.2584,2.48
-3.2582,2.48
-3.258,2.48
-3.25779975,2.48
-3.25759975,2.48
-3.2574,2.48
-3.2572,2.48
-3.257,2.48
-3.2568,2.48
-3.2566,2.48
-3.25639975,2.48
-3.25619975,2.56
-3.25599975,2.48
-3.2558,2.48
-3.2556,2.48
-3.2554,2.48
-3.2552,2.48
-3.255,2.48
-3.25479975,2.48
-3.25459975,2.48
-3.2544,2.48
-3.2542,2.48
-3.254,2.48
-3.2538,2.48
-3.2536,2.48
-3.25339975,2.56
-3.25319975,2.48
-3.253,2.56
-3.2528,2.48
-3.2526,2.48
-3.2524,2.48
-3.2522,2.48
-3.25199975,2.48
-3.25179975,2.48
-3.2516,2.48
-3.2514,2.48
-3.2512,2.48
-3.251,2.48
-3.2508,2.48
-3.25059975,2.48
-3.25039975,2.48
-3.2502,2.48
-3.25,2.48
-3.2498,2.48
-3.2496,2.56
-3.2494,2.48
-3.24919975,2.48
-3.24899975,2.56
-3.24879975,2.48
-3.2486,2.48
-3.2484,2.48
-3.2482,2.48
-3.248,2.48
-3.24779975,2.48
-3.24759975,2.48
-3.24739975,2.48
-3.2472,2.48
-3.247,2.48
-3.2468,2.56
-3.2466,2.48
-3.2464,2.48
-3.24619975,2.48
-3.24599975,2.48
-3.2458,2.48
-3.2456,2.48
-3.2454,2.56
-3.2452,2.48
-3.245,2.48
-3.24479975,2.48
-3.24459975,2.48
-3.2444,2.48
-3.2442,2.48
-3.244,2.48
-3.2438,2.48
-3.2436,2.48
-3.24339975,2.48
-3.24319975,2.48
-3.243,2.48
-3.2428,2.48
-3.2426,2.48
-3.2424,2.48
-3.2422,2.56
-3.24199975,2.48
-3.24179975,2.48
-3.2416,2.48
-3.2414,2.48
-3.2412,2.48
-3.241,2.48
-3.2408,2.48
-3.24059975,2.48
-3.24039975,2.48
-3.24019975,2.48
-3.24,2.48
-3.2398,2.48
-3.2396,2.48
-3.2394,2.48
-3.2392,2.48
-3.23899975,2.48
-3.23879975,2.48
-3.2386,2.48
-3.2384,2.48
-3.2382,2.48
-3.238,2.48
-3.2378,2.48
-3.23759975,2.48
-3.23739975,2.48
-3.2372,2.48
-3.237,2.48
-3.2368,2.48
-3.2366,2.48
-3.2364,2.48
-3.23619975,2.48
-3.23599975,2.48
-3.2358,2.48
-3.2356,2.48
-3.2354,2.48
-3.2352,2.48
-3.235,2.48
-3.23479975,2.48
-3.23459975,2.48
-3.2344,2.48
-3.2342,2.48
-3.234,2.48
-3.2338,2.56
-3.2336,2.48
-3.23339975,2.48
-3.23319975,2.48
-3.23299975,2.48
-3.2328,2.56
-3.2326,2.48
-3.2324,2.48
-3.2322,2.48
-3.23199975,2.48
-3.23179975,2.48
-3.23159975,2.48
-3.2314,2.48
-3.2312,2.48
-3.231,2.56
-3.2308,2.48
-3.2306,2.48
-3.23039975,2.48
-3.23019975,2.48
-3.23,2.48
-3.2298,2.48
-3.2296,2.56
-3.2294,2.48
-3.2292,2.48
-3.22899975,2.48
-3.22879975,2.48
-3.2286,2.48
-3.2284,2.48
-3.2282,2.48
-3.228,2.48
-3.2278,2.48
-3.22759975,2.48
-3.22739975,2.48
-3.2272,2.48
-3.227,2.48
-3.2268,2.48
-3.2266,2.48
-3.2264,2.56
-3.22619975,2.48
-3.22599975,2.48
-3.2258,2.48
-3.2256,2.48
-3.2254,2.48
-3.2252,2.48
-3.225,2.48
-3.22479975,2.48
-3.22459975,2.48
-3.22439975,2.48
-3.2242,2.48
-3.224,2.48
-3.2238,2.48
-3.2236,2.48
-3.2234,2.48
-3.22319975,2.48
-3.22299975,2.48
-3.2228,2.48
-3.2226,2.48
-3.2224,2.56
-3.2222,2.48
-3.222,2.48
-3.22179975,2.56
-3.22159975,2.48
-3.2214,2.56
-3.2212,2.48
-3.221,2.48
-3.2208,2.48
-3.2206,2.48
-3.22039975,2.56
-3.22019975,2.48
-3.22,2.48
-3.2198,2.48
-3.2196,2.48
-3.2194,2.56
-3.2192,2.48
-3.21899975,2.48
-3.21879975,2.48
-3.2186,2.48
-3.2184,2.48
-3.2182,2.48
-3.218,2.48
-3.2178,2.48
-3.21759975,2.48
-3.21739975,2.48
-3.21719975,2.48
-3.217,2.56
-3.2168,2.48
-3.2166,2.48
-3.2164,2.48
-3.21619975,2.48
-3.21599975,2.48
-3.21579975,2.48
-3.2156,2.48
-3.2154,2.56
-3.2152,2.48
-3.215,2.48
-3.2148,2.48
-3.21459975,2.48
-3.21439975,2.48
-3.2142,2.56
-3.214,2.48
-3.2138,2.48
-3.2136,2.48
-3.2134,2.48
-3.21319975,2.48
-3.21299975,2.48
-3.2128,2.48
-3.2126,2.48
-3.2124,2.56
-3.2122,2.48
-3.212,2.48
-3.21179975,2.48
-3.21159975,2.48
-3.2114,2.48
-3.2112,2.48
-3.211,2.48
-3.2108,2.48
-3.2106,2.48
-3.21039975,2.48
-3.21019975,2.48
-3.20999975,2.48
-3.2098,2.48
-3.2096,2.48
-3.2094,2.48
-3.2092,2.48
-3.20899975,2.48
-3.20879975,2.48
-3.20859975,2.48
-3.2084,2.56
-3.2082,2.48
-3.208,2.48
-3.2078,2.48
-3.2076,2.48
-3.20739975,2.48
-3.20719975,2.48
-3.207,2.48
-3.2068,2.48
-3.2066,2.56
-3.2064,2.48
-3.2062,2.48
-3.20599975,2.48
-3.20579975,2.48
-3.2056,2.48
-3.2054,2.48
-3.2052,2.48
-3.205,2.48
-3.2048,2.48
-3.20459975,2.48
-3.20439975,2.48
-3.2042,2.56
-3.204,2.48
-3.2038,2.48
-3.2036,2.48
-3.2034,2.48
-3.20319975,2.48
-3.20299975,2.56
-3.2028,2.48
-3.2026,2.48
-3.2024,2.48
-3.2022,2.48
-3.202,2.48
-3.20179975,2.48
-3.20159975,2.48
-3.20139975,2.48
-3.2012,2.48
-3.201,2.48
-3.2008,2.48
-3.2006,2.48
-3.2004,2.48
-3.20019975,2.56
-3.19999975,2.48
-3.1998,2.48
-3.1996,2.48
-3.1994,2.48
-3.1992,2.48
-3.199,2.48
-3.19879975,2.56
-3.19859975,2.48
-3.1984,2.56
-3.1982,2.56
-3.198,2.48
-3.1978,2.56
-3.1976,2.48
-3.19739975,2.48
-3.19719975,2.48
-3.197,2.48
-3.1968,2.48
-3.1966,2.56
-3.1964,2.48
-3.1962,2.48
-3.19599975,2.48
-3.19579975,2.48
-3.1956,2.48
-3.1954,2.48
-3.1952,2.48
-3.195,2.48
-3.1948,2.48
-3.19459975,2.48
-3.19439975,2.56
-3.19419975,2.48
-3.194,2.48
-3.1938,2.56
-3.1936,2.48
-3.1934,2.56
-3.19319975,2.48
-3.19299975,2.48
-3.19279975,2.48
-3.1926,2.56
-3.1924,2.48
-3.1922,2.48
-3.192,2.56
-3.1918,2.48
-3.19159975,2.56
-3.19139975,2.48
-3.1912,2.56
-3.191,2.48
-3.1908,2.48
-3.1906,2.48
-3.1904,2.48
-3.19019975,2.48
-3.18999975,2.56
-3.1898,2.48
-3.1896,2.48
-3.1894,2.48
-3.1892,2.48
-3.189,2.48
-3.18879975,2.48
-3.18859975,2.48
-3.1884,2.48
-3.1882,2.48
-3.188,2.48
-3.1878,2.48
-3.1876,2.48
-3.18739975,2.48
-3.18719975,2.48
-3.187,2.48
-3.1868,2.48
-3.1866,2.48
-3.1864,2.48
-3.1862,2.48
-3.18599975,2.48
-3.18579975,2.48
-3.18559975,2.48
-3.1854,2.48
-3.1852,2.48
-3.185,2.48
-3.1848,2.48
-3.1846,2.48
-3.18439975,2.48
-3.18419975,2.48
-3.184,2.48
-3.1838,2.48
-3.1836,2.48
-3.1834,2.48
-3.1832,2.48
-3.18299975,2.48
-3.18279975,2.48
-3.1826,2.48
-3.1824,2.48
-3.1822,2.48
-3.182,2.48
-3.1818,2.48
-3.18159975,2.48
-3.18139975,2.48
-3.1812,2.48
-3.181,2.48
-3.1808,2.48
-3.1806,2.48
-3.1804,2.48
-3.18019975,2.48
-3.17999975,2.48
-3.1798,2.48
-3.1796,2.48
-3.1794,2.48
-3.1792,2.48
-3.179,2.48
-3.17879975,2.48
-3.17859975,2.48
-3.17839975,2.48
-3.1782,2.48
-3.178,2.48
-3.1778,2.48
-3.1776,2.48
-3.17739975,2.48
-3.17719975,2.48
-3.17699975,2.48
-3.1768,2.48
-3.1766,2.48
-3.1764,2.48
-3.1762,2.48
-3.176,2.48
-3.17579975,2.48
-3.17559975,2.48
-3.1754,2.48
-3.1752,2.48
-3.175,2.48
-3.1748,2.48
-3.1746,2.56
-3.17439975,2.48
-3.17419975,2.48
-3.174,2.48
-3.1738,2.48
-3.1736,2.48
-3.1734,2.48
-3.1732,2.48
-3.17299975,2.48
-3.17279975,2.48
-3.1726,2.48
-3.1724,2.48
-3.1722,2.48
-3.172,2.48
-3.1718,2.48
-3.17159975,2.48
-3.17139975,2.48
-3.1712,2.48
-3.171,2.48
-3.1708,2.48
-3.1706,2.48
-3.1704,2.48
-3.17019975,2.48
-3.16999975,2.48
-3.16979975,2.48
-3.1696,2.48
-3.1694,2.48
-3.1692,2.48
-3.169,2.48
-3.1688,2.48
-3.16859975,2.48
-3.16839975,2.48
-3.1682,2.56
-3.168,2.48
-3.1678,2.48
-3.1676,2.48
-3.1674,2.56
-3.16719975,2.48
-3.16699975,2.48
-3.1668,2.48
-3.1666,2.48
-3.1664,2.48
-3.1662,2.48
-3.166,2.48
-3.16579975,2.48
-3.16559975,2.48
-3.1654,2.48
-3.1652,2.48
-3.165,2.48
-3.1648,2.48
-3.1646,2.48
-3.16439975,2.48
-3.16419975,2.48
-3.164,2.48
-3.1638,2.48
-3.1636,2.48
-3.1634,2.48
-3.1632,2.48
-3.16299975,2.48
-3.16279975,2.48
-3.16259975,2.48
-3.1624,2.48
-3.1622,2.48
-3.162,2.48
-3.1618,2.48
-3.16159975,2.48
-3.16139975,2.48
-3.16119975,2.48
-3.161,2.48
-3.1608,2.56
-3.1606,2.48
-3.1604,2.48
-3.1602,2.48
-3.15999975,2.48
-3.15979975,2.48
-3.1596,2.48
-3.1594,2.56
-3.1592,2.48
-3.159,2.48
-3.1588,2.48
-3.15859975,2.48
-3.15839975,2.48
-3.1582,2.48
-3.158,2.48
-3.1578,2.48
-3.1576,2.48
-3.1574,2.48
-3.15719975,2.48
-3.15699975,2.48
-3.1568,2.48
-3.1566,2.48
-3.1564,2.48
-3.1562,2.56
-3.156,2.48
-3.15579975,2.48
-3.15559975,2.48
-3.1554,2.48
-3.1552,2.48
-3.155,2.48
-3.1548,2.48
-3.1546,2.48
-3.15439975,2.48
-3.15419975,2.48
-3.15399975,2.48
-3.1538,2.48
-3.1536,2.48
-3.1534,2.48
-3.1532,2.48
-3.153,2.48
-3.15279975,2.48
-3.15259975,2.48
-3.1524,2.48
-3.1522,2.48
-3.152,2.48
-3.1518,2.48
-3.1516,2.48
-3.15139975,2.48
-3.15119975,2.48
-3.151,2.48
-3.1508,2.48
-3.1506,2.48
-3.1504,2.48
-3.1502,2.48
-3.14999975,2.48
-3.14979975,2.48
-3.1496,2.48
-3.1494,2.48
-3.1492,2.48
-3.149,2.48
-3.1488,2.48
-3.14859975,2.48
-3.14839975,2.48
-3.1482,2.48
-3.148,2.48
-3.1478,2.48
-3.1476,2.48
-3.1474,2.48
-3.14719975,2.48
-3.14699975,2.48
-3.14679975,2.48
-3.1466,2.48
-3.1464,2.48
-3.1462,2.48
-3.146,2.48
-3.1458,2.48
-3.14559975,2.48
-3.14539975,2.48
-3.1452,2.48
-3.145,2.48
-3.1448,2.48
-3.1446,2.48
-3.1444,2.48
-3.14419975,2.48
-3.14399975,2.48
-3.1438,2.48
-3.1436,2.48
-3.1434,2.48
-3.1432,2.48
-3.143,2.48
-3.14279975,2.48
-3.14259975,2.48
-3.1424,2.48
-3.1422,2.56
-3.142,2.48
-3.1418,2.48
-3.1416,2.48
-3.14139975,2.48
-3.14119975,2.48
-3.141,2.48
-3.1408,2.56
-3.1406,2.48
-3.1404,2.48
-3.1402,2.48
-3.13999975,2.48
-3.13979975,2.48
-3.1396,2.48
-3.1394,2.48
-3.1392,2.48
-3.139,2.48
-3.1388,2.48
-3.13859975,2.48
-3.13839975,2.48
-3.13819975,2.56
-3.138,2.48
-3.1378,2.48
-3.1376,2.48
-3.1374,2.48
-3.1372,2.48
-3.13699975,2.48
-3.13679975,2.48
-3.1366,2.48
-3.1364,2.48
-3.1362,2.48
-3.136,2.48
-3.1358,2.48
-3.13559975,2.48
-3.13539975,2.48
-3.1352,2.48
-3.135,2.48
-3.1348,2.48
-3.1346,2.48
-3.1344,2.48
-3.13419975,2.48
-3.13399975,2.48
-3.1338,2.48
-3.1336,2.48
-3.1334,2.48
-3.1332,2.48
-3.133,2.48
-3.13279975,2.48
-3.13259975,2.48
-3.1324,2.48
-3.1322,2.48
-3.132,2.48
-3.1318,2.48
-3.1316,2.48
-3.13139975,2.48
-3.13119975,2.48
-3.13099975,2.48
-3.1308,2.48
-3.1306,2.48
-3.1304,2.48
-3.1302,2.48
-3.13,2.48
-3.12979975,2.48
-3.12959975,2.48
-3.1294,2.48
-3.1292,2.48
-3.129,2.48
-3.1288,2.48
-3.1286,2.48
-3.12839975,2.48
-3.12819975,2.48
-3.128,2.48
-3.1278,2.48
-3.1276,2.48
-3.1274,2.48
-3.1272,2.48
-3.12699975,2.48
-3.12679975,2.48
-3.1266,2.48
-3.1264,2.48
-3.1262,2.48
-3.126,2.48
-3.1258,2.48
-3.12559975,2.48
-3.12539975,2.48
-3.1252,2.4
-3.125,2.48
-3.1248,2.48
-3.1246,2.48
-3.1244,2.48
-3.12419975,2.48
-3.12399975,2.48
-3.1238,2.48
-3.1236,2.48
-3.1234,2.48
-3.1232,2.56
-3.123,2.48
-3.12279975,2.48
-3.12259975,2.48
-3.12239975,2.48
-3.1222,2.48
-3.122,2.48
-3.1218,2.48
-3.1216,2.48
-3.1214,2.48
-3.12119975,2.48
-3.12099975,2.48
-3.1208,2.48
-3.1206,2.48
-3.1204,2.56
-3.1202,2.48
-3.12,2.48
-3.11979975,2.48
-3.11959975,2.4
-3.1194,2.48
-3.1192,2.48
-3.119,2.64
-3.1188,2.48
-3.1186,2.48
-3.11839975,2.48
-3.11819975,2.48
-3.118,2.48
-3.1178,2.48
-3.1176,2.48
-3.1174,2.48
-3.1172,2.48
-3.11699975,2.48
-3.11679975,2.48
-3.1166,2.48
-3.1164,2.48
-3.1162,2.48
-3.116,2.48
-3.1158,2.48
-3.11559975,2.48
-3.11539975,2.48
-3.11519975,2.48
-3.115,2.48
-3.1148,2.48
-3.1146,2.48
-3.1144,2.48
-3.1142,2.48
-3.11399975,2.48
-3.11379975,2.48
-3.1136,2.48
-3.1134,2.48
-3.1132,2.48
-3.113,2.48
-3.1128,2.48
-3.11259975,2.48
-3.11239975,2.48
-3.1122,2.48
-3.112,2.48
-3.1118,2.48
-3.1116,2.48
-3.1114,2.48
-3.11119975,2.48
-3.11099975,2.4
-3.1108,2.48
-3.1106,2.48
-3.1104,2.48
-3.1102,2.4
-3.11,2.48
-3.10979975,2.4
-3.10959975,2.48
-3.1094,2.48
-3.1092,2.48
-3.109,2.4
-3.1088,2.48
-3.1086,2.48
-3.10839975,2.48
-3.10819975,2.48
-3.108,2.48
-3.1078,2.48
-3.1076,2.48
-3.1074,2.4
-3.1072,2.4
-3.10699975,2.48
-3.10679975,2.48
-3.10659975,2.4
-3.1064,2.48
-3.1062,2.48
-3.106,2.24
-3.1058,2.48
-3.1056,2.48
-3.10539975,2.48
-3.10519975,2.48
-3.105,2.48
-3.1048,2.56
-3.1046,2.4
-3.1044,2.48
-3.1042,2.64
-3.10399975,2.4
-3.10379975,2.48
-3.1036,2.4
-3.1034,2.4
-3.1032,2.48
-3.103,2.4
-3.1028,2.48
-3.10259975,2.48
-3.10239975,2.48
-3.1022,2.4
-3.102,2.48
-3.1018,2.48
-3.1016,2.4
-3.1014,2.4
-3.10119975,2.48
-3.10099975,2.48
-3.1008,2.48
-3.1006,2.4
-3.1004,2.48
-3.1002,2.48
-3.1,2.48
-3.09979975,2.48
-3.09959975,2.4
-3.09939975,2.4
-3.0992,2.4
-3.099,2.4
-3.0988,2.48
-3.0986,2.4
-3.0984,2.48
-3.09819975,2.48
-3.09799975,2.4
-3.0978,2.32
-3.0976,2.4
-3.0974,2.4
-3.0972,2.48
-3.097,2.32
-3.09679975,2.32
-3.09659975,2.48
-3.0964,2.32
-3.0962,2.4
-3.096,2.4
-3.0958,2.32
-3.0956,2.4
-3.09539975,2.4
-3.09519975,2.32
-3.095,2.4
-3.0948,2.48
-3.0946,2.48
-3.0944,2.4
-3.0942,2.32
-3.09399975,2.4
-3.09379975,2.48
-3.0936,2.4
-3.0934,2.48
-3.0932,2.4
-3.093,2.32
-3.0928,2.32
-3.09259975,2.4
-3.09239975,2.32
-3.0922,2.4
-3.092,2.4
-3.0918,2.32
-3.0916,2.4
-3.0914,2.32
-3.09119975,2.4
-3.09099975,2.4
-3.09079975,2.4
-3.0906,2.4
-3.0904,2.4
-3.0902,2.4
-3.09,2.4
-3.0898,2.4
-3.08959975,2.4
-3.08939975,2.4
-3.0892,2.32
-3.089,2.4
-3.0888,2.4
-3.0886,2.4
-3.0884,2.4
-3.08819975,2.4
-3.08799975,2.32
-3.0878,2.4
-3.0876,2.4
-3.0874,2.16
-3.0872,2.4
-3.087,2.32
-3.08679975,2.32
-3.08659975,2.4
-3.0864,2.32
-3.0862,2.32
-3.086,2.4
-3.0858,2.32
-3.0856,2.4
-3.08539975,2.32
-3.08519975,2.32
-3.085,2.48
-3.0848,2.4
-3.0846,2.4
-3.0844,2.32
-3.0842,2.32
-3.08399975,2.32
-3.08379975,2.4
-3.08359975,2.32
-3.0834,2.32
-3.0832,2.32
-3.083,2.32
-3.0828,2.32
-3.0826,2.32
-3.08239975,2.32
-3.08219975,2.4
-3.082,2.32
-3.0818,2.32
-3.0816,2.32
-3.0814,2.32
-3.0812,2.32
-3.08099975,2.4
-3.08079975,2.32
-3.0806,2.32
-3.0804,2.32
-3.0802,2.32
-3.08,2.32
-3.0798,2.32
-3.07959975,2.32
-3.07939975,2.32
-3.0792,2.32
-3.079,2.32
-3.0788,2.32
-3.0786,2.32
-3.0784,2.32
-3.07819975,2.32
-3.07799975,2.32
-3.0778,2.32
-3.0776,2.32
-3.0774,2.16
-3.0772,2.32
-3.077,2.32
-3.07679975,2.32
-3.07659975,2.32
-3.07639975,2.32
-3.0762,2.32
-3.076,2.32
-3.0758,2.32
-3.0756,2.4
-3.0754,2.32
-3.07519975,2.32
-3.07499975,2.4
-3.0748,2.32
-3.0746,2.32
-3.0744,2.64
-3.0742,2.32
-3.074,2.32
-3.07379975,2.32
-3.07359975,2.32
-3.0734,2.32
-3.0732,2.32
-3.073,2.32
-3.0728,2.32
-3.0726,2.32
-3.07239975,2.16
-3.07219975,2.32
-3.072,2.32
-3.0718,2.32
-3.0716,2.32
-3.0714,2.32
-3.0712,2.24
-3.07099975,2.32
-3.07079975,2.32
-3.0706,2.32
-3.0704,2.32
-3.0702,2.32
-3.07,2.32
-3.0698,2.32
-3.06959975,2.32
-3.06939975,2.32
-3.0692,2.32
-3.069,2.32
-3.0688,2.32
-3.0686,2.32
-3.0684,2.32
-3.06819975,2.32
-3.06799975,2.24
-3.06779975,2.32
-3.0676,2.32
-3.0674,2.24
-3.0672,2.32
-3.067,2.32
-3.0668,2.24
-3.06659975,2.32
-3.06639975,2.48
-3.0662,2.24
-3.066,2.32
-3.0658,2.24
-3.0656,2.32
-3.0654,2.24
-3.06519975,2.32
-3.06499975,2.32
-3.0648,2.32
-3.0646,2.32
-3.0644,2.32
-3.0642,2.24
-3.064,2.24
-3.06379975,2.24
-3.06359975,2.24
-3.0634,2.24
-3.0632,2.32
-3.063,2.32
-3.0628,2.24
-3.0626,2.32
-3.06239975,2.24
-3.06219975,2.24
-3.062,2.32
-3.0618,2.24
-3.0616,2.24
-3.0614,2.32
-3.0612,2.32
-3.06099975,2.24
-3.06079975,2.24
-3.06059975,2.24
-3.0604,2.32
-3.0602,2.24
-3.06,2.24
-3.0598,2.24
-3.0596,2.24
-3.05939975,2.24
-3.05919975,2.24
-3.059,2.24
-3.0588,2.24
-3.0586,2.24
-3.0584,2.24
-3.0582,2.24
-3.05799975,2.24
-3.05779975,2.24
-3.0576,2.16
-3.0574,2.24
-3.0572,2.24
-3.057,2.16
-3.0568,2.24
-3.05659975,2.24
-3.05639975,2.08
-3.0562,2.24
-3.056,2.24
-3.0558,2
-3.0556,2.24
-3.0554,2.24
-3.05519975,2.24
-3.05499975,2.24
-3.0548,2.24
-3.0546,2.24
-3.0544,2.24
-3.0542,2.24
-3.054,2.24
-3.05379975,2.24
-3.05359975,2.24
-3.0534,2.24
-3.0532,2.24
-3.053,2.24
-3.0528,2.32
-3.0526,2.24
-3.05239975,2.24
-3.05219975,2.32
-3.05199975,2.24
-3.0518,2.24
-3.0516,2.4
-3.0514,2.24
-3.0512,2.16
-3.051,2.16
-3.05079975,2.24
-3.05059975,2.24
-3.0504,2.24
-3.0502,2.16
-3.05,2.24
-3.0498,2.24
-3.0496,2.24
-3.04939975,2.24
-3.04919975,2.24
-3.049,2.24
-3.0488,2.24
-3.0486,2.24
-3.0484,2.16
-3.0482,2.24
-3.04799975,2.24
-3.04779975,2.24
-3.0476,2.24
-3.0474,2.16
-3.0472,2.24
-3.047,2.16
-3.0468,2.16
-3.04659975,2.24
-3.04639975,2.16
-3.0462,2.24
-3.046,2.24
-3.0458,2.24
-3.0456,2.16
-3.0454,2.24
-3.04519975,2.16
-3.04499975,2.24
-3.04479975,2.24
-3.0446,2.16
-3.0444,2.24
-3.0442,2.24
-3.044,2.24
-3.0438,2.24
-3.04359975,2.16
-3.04339975,2.16
-3.0432,2.24
-3.043,2.24
-3.0428,2.16
-3.0426,2.24
-3.0424,2.24
-3.04219975,2
-3.04199975,2.16
-3.0418,2.16
-3.0416,1.92
-3.0414,2.16
-3.0412,2.16
-3.041,1.84
-3.04079975,2.16
-3.04059975,2.16
-3.0404,2.24
-3.0402,2.24
-3.04,2.24
-3.0398,2.24
-3.0396,2.24
-3.03939975,2.16
-3.03919975,2.24
-3.039,2.24
-3.0388,2.16
-3.0386,2.24
-3.0384,2.24
-3.0382,2.16
-3.03799975,2.24
-3.03779975,2.16
-3.0376,2.24
-3.0374,2.4
-3.0372,2.16
-3.037,2.16
-3.0368,2.48
-3.03659975,2.16
-3.03639975,2.16
-3.03619975,2.16
-3.036,2.16
-3.0358,2.16
-3.0356,2.16
-3.0354,2.24
-3.0352,2.16
-3.03499975,2.24
-3.03479975,2.16
-3.0346,2.24
-3.0344,2.16
-3.0342,2.16
-3.034,2.16
-3.0338,2.16
-3.03359975,2.16
-3.03339975,2.16
-3.0332,2.24
-3.033,2.16
-3.0328,2.16
-3.0326,2.16
-3.0324,2.16
-3.03219975,2.16
-3.03199975,2.16
-3.0318,2.16
-3.0316,2.16
-3.0314,2.24
-3.0312,2.24
-3.031,2.16
-3.03079975,2.16
-3.03059975,2.16
-3.0304,2.16
-3.0302,2.16
-3.03,2.16
-3.0298,2.16
-3.0296,2.16
-3.02939975,2.24
-3.02919975,2.16
-3.02899975,2.16
-3.0288,2.24
-3.0286,2.16
-3.0284,2.16
-3.0282,2.16
-3.028,2.16
-3.02779975,2.16
-3.02759975,2.16
-3.0274,2
-3.0272,2.16
-3.027,2.16
-3.0268,1.92
-3.0266,2.16
-3.02639975,2.24
-3.02619975,2.16
-3.026,2.16
-3.0258,2.16
-3.0256,2.16
-3.0254,2.16
-3.0252,2.16
-3.02499975,2.16
-3.02479975,2.16
-3.0246,2.16
-3.0244,2.16
-3.0242,2.16
-3.024,2.16
-3.0238,2.16
-3.02359975,2.16
-3.02339975,2.16
-3.0232,2.24
-3.023,2.16
-3.0228,2.16
-3.0226,2.24
-3.0224,2.16
-3.02219975,2.24
-3.02199975,2.4
-3.0218,2.16
-3.0216,2.16
-3.0214,2.16
-3.0212,2.16
-3.021,2.16
-3.0208,2.16
-3.02059975,2.16
-3.02039975,2.16
-3.0202,2.16
-3.02,2.16
-3.0198,2.16
-3.0196,2.16
-3.0194,2.16
-3.01919975,2.16
-3.01899975,2.24
-3.0188,2.16
-3.0186,2.16
-3.0184,2.16
-3.0182,2.16
-3.018,2.24
-3.01779975,2.16
-3.01759975,2.16
-3.0174,2.16
-3.0172,2.16
-3.017,2.24
-3.0168,2.16
-3.0166,2.16
-3.01639975,2.24
-3.01619975,2.16
-3.016,2.16
-3.0158,2.16
-3.0156,2.16
-3.0154,2.16
-3.0152,2.16
-3.01499975,2.16
-3.01479975,2.16
-3.0146,2.16
-3.0144,2.16
-3.0142,2.16
-3.014,2.16
-3.0138,2.16
-3.01359975,2.16
-3.01339975,2.16
-3.01319975,2.16
-3.013,2.16
-3.0128,2.16
-3.0126,2.08
-3.0124,2.16
-3.0122,2.16
-3.01199975,1.92
-3.01179975,2.16
-3.0116,2.16
-3.0114,2.16
-3.0112,2.16
-3.011,2.16
-3.0108,2.16
-3.01059975,2.16
-3.01039975,2.16
-3.0102,2.16
-3.01,2.16
-3.0098,2.16
-3.0096,2.16
-3.0094,2.16
-3.00919975,2.16
-3.00899975,2.24
-3.0088,2.16
-3.0086,2.16
-3.0084,2.24
-3.0082,2.16
-3.008,2.24
-3.00779975,2.24
-3.00759975,2.16
-3.0074,2.16
-3.0072,2.32
-3.007,2.24
-3.0068,2.16
-3.0066,2.16
-3.00639975,2.24
-3.00619975,2.16
-3.006,2.16
-3.0058,2.16
-3.0056,2.24
-3.0054,2.16
-3.0052,2.16
-3.005,2.16
-3.00479975,2.24
-3.00459975,2.16
-3.0044,2.16
-3.0042,2.16
-3.004,2.24
-3.0038,2.16
-3.0036,2.24
-3.00339975,2.16
-3.00319975,2.24
-3.003,2.24
-3.0028,2.24
-3.0026,2.24
-3.0024,2.24
-3.0022,2.16
-3.00199975,2.16
-3.00179975,2.24
-3.0016,2.24
-3.0014,2.16
-3.0012,2.16
-3.001,2.16
-3.0008,2.16
-3.00059975,2.24
-3.00039975,2.24
-3.0002,2.24
-3,2.16
-2.9998,2.16
-2.9996,2.24
-2.9994,2.24
-2.99919975,2.16
-2.99899975,2.16
-2.9988,2.24
-2.9986,2.24
-2.9984,2.16
-2.9982,2.16
-2.998,2.24
-2.99779975,2.16
-2.99759975,2.16
-2.99739975,2.24
-2.9972,2.08
-2.997,2.24
-2.9968,2.16
-2.9966,2
-2.9964,2.16
-2.99619975,2.24
-2.99599975,2.16
-2.9958,2.24
-2.9956,2.24
-2.9954,2.24
-2.9952,2.16
-2.995,2.24
-2.99479975,2.24
-2.99459975,2.24
-2.9944,2.16
-2.9942,2.24
-2.994,2.24
-2.9938,2.16
-2.9936,2.32
-2.99339975,2.24
-2.99319975,2.24
-2.993,2.4
-2.9928,2.24
-2.9926,2.24
-2.9924,2.16
-2.9922,2.16
-2.99199975,2.16
-2.99179975,2.16
-2.9916,2.24
-2.9914,2.24
-2.9912,2.24
-2.991,2.24
-2.9908,2.24
-2.99059975,2.24
-2.99039975,2.24
-2.9902,2.16
-2.99,2.24
-2.9898,2.24
-2.9896,2.16
-2.9894,2.24
-2.9892,2.24
-2.98899975,2.24
-2.98879975,2.24
-2.9886,2.24
-2.9884,2.24
-2.9882,2.16
-2.988,2.16
-2.9878,2.24
-2.98759975,2.24
-2.98739975,2.16
-2.9872,2.24
-2.987,2.24
-2.9868,2.24
-2.9866,2.16
-2.9864,2.24
-2.98619975,2.24
-2.98599975,2.24
-2.9858,2.24
-2.9856,2.24
-2.9854,2.24
-2.9852,2.24
-2.985,2.24
-2.98479975,2.32
-2.98459975,2.24
-2.9844,2.24
-2.9842,2.24
-2.984,2.24
-2.9838,2.24
-2.9836,2.24
-2.98339975,2.24
-2.98319975,2.24
-2.983,2.24
-2.9828,2.24
-2.9826,2.24
-2.9824,2.24
-2.9822,2.24
-2.98199975,2.24
-2.98179975,2.16
-2.98159975,2.24
-2.9814,2.24
-2.9812,2.08
-2.981,2.24
-2.9808,2.24
-2.9806,1.84
-2.98039975,2.24
-2.98019975,2.24
-2.98,2.24
-2.9798,2.24
-2.9796,2.24
-2.9794,2.24
-2.9792,2.24
-2.97899975,2.24
-2.97879975,2.24
-2.9786,2.24
-2.9784,2.24
-2.9782,2.24
-2.978,2.24
-2.9778,2.24
-2.97759975,2.48
-2.97739975,2.24
-2.9772,2.24
-2.977,2.24
-2.9768,2.24
-2.9766,2.24
-2.9764,2.24
-2.97619975,2.24
-2.97599975,2.24
-2.9758,2.24
-2.9756,2.24
-2.9754,2.24
-2.9752,2.24
-2.975,2.24
-2.97479975,2.24
-2.97459975,2.32
-2.9744,2.24
-2.9742,2.32
-2.974,2.24
-2.9738,2.24
-2.9736,2.24
-2.9734,2.24
-2.97319975,2.32
-2.97299975,2.24
-2.9728,2.24
-2.9726,2.32
-2.9724,2.24
-2.9722,2.24
-2.972,2.24
-2.97179975,2.24
-2.97159975,2.32
-2.9714,2.24
-2.9712,2.24
-2.971,2.24
-2.9708,2.32
-2.9706,2.24
-2.97039975,2.24
-2.97019975,2.32
-2.97,2.24
-2.9698,2.32
-2.9696,2.24
-2.9694,2.32
-2.9692,2.24
-2.96899975,2.32
-2.96879975,2.32
-2.9686,2.24
-2.9684,2.32
-2.9682,2.24
-2.968,2.32
-2.9678,2.24
-2.96759975,2.24
-2.96739975,2.32
-2.9672,2.24
-2.967,2.24
-2.9668,2.24
-2.9666,2.32
-2.9664,2.24
-2.96619975,2.24
-2.96599975,2.24
-2.96579975,2.16
-2.9656,2.24
-2.9654,2.32
-2.9652,2.08
-2.965,2.32
-2.9648,2.32
-2.96459975,2.32
-2.96439975,2.32
-2.9642,2.32
-2.964,2.32
-2.9638,2.24
-2.9636,2.32
-2.9634,2.4
-2.96319975,2.24
-2.96299975,2.32
-2.9628,2.48
-2.9626,2.32
-2.9624,2.32
-2.9622,2.56
-2.962,2.32
-2.96179975,2.32
-2.96159975,2.32
-2.9614,2.32
-2.9612,2.32
-2.961,2.32
-2.9608,2.32
-2.9606,2.32
-2.96039975,2.32
-2.96019975,2.32
-2.96,2.32
-2.9598,2.32
-2.9596,2.32
-2.9594,2.32
-2.9592,2.32
-2.95899975,2.32
-2.95879975,2.32
-2.9586,2.32
-2.9584,2.32
-2.9582,2.32
-2.958,2.32
-2.9578,2.32
-2.9576,2.32
-2.95739975,2.32
-2.95719975,2.32
-2.957,2.32
-2.9568,2.32
-2.9566,2.32
-2.9564,2.32
-2.9562,2.32
-2.95599975,2.32
-2.95579975,2.32
-2.9556,2.32
-2.9554,2.32
-2.9552,2.32
-2.955,2.32
-2.9548,2.32
-2.95459975,2.32
-2.95439975,2.32
-2.9542,2.32
-2.954,2.32
-2.9538,2.32
-2.9536,2.32
-2.9534,2.32
-2.95319975,2.32
-2.95299975,2.4
-2.9528,2.32
-2.9526,2.32
-2.9524,2.32
-2.9522,2.32
-2.952,2.32
-2.95179975,2.32
-2.95159975,2.32
-2.9514,2.32
-2.9512,2.32
-2.951,2.32
-2.9508,2.32
-2.9506,2.32
-2.9504,2.24
-2.95019975,2.32
-2.94999975,2.32
-2.9498,2.16
-2.9496,2.32
-2.9494,2.32
-2.9492,2.4
-2.949,2.32
-2.94879975,2.4
-2.94859975,2.48
-2.9484,2.4
-2.9482,2.32
-2.948,2.48
-2.9478,2.4
-2.9476,2.4
-2.94739975,2.64
-2.94719975,2.32
-2.947,2.4
-2.9468,2.32
-2.9466,2.4
-2.9464,2.32
-2.9462,2.32
-2.94599975,2.4
-2.94579975,2.32
-2.9456,2.32
-2.9454,2.4
-2.9452,2.32
-2.945,2.32
-2.9448,2.32
-2.94459975,2.32
-2.94439975,2.4
-2.9442,2.32
-2.944,2.4
-2.9438,2.4
-2.9436,2.4
-2.9434,2.32
-2.94319975,2.4
-2.94299975,2.4
-2.94279975,2.32
-2.9426,2.32
-2.9424,2.4
-2.9422,2.4
-2.942,2.32
-2.9418,2.4
-2.94159975,2.4
-2.94139975,2.32
-2.9412,2.4
-2.941,2.4
-2.9408,2.4
-2.9406,2.32
-2.9404,2.32
-2.94019975,2.32
-2.93999975,2.32
-2.9398,2.32
-2.9396,2.4
-2.9394,2.4
-2.9392,2.32
-2.939,2.4
-2.93879975,2.4
-2.93859975,2.32
-2.9384,2.4
-2.9382,2.4
-2.938,2.4
-2.9378,2.4
-2.9376,2.4
-2.93739975,2.4
-2.93719975,2.4
-2.937,2.4
-2.9368,2.4
-2.9366,2.4
-2.9364,2.4
-2.9362,2.4
-2.93599975,2.32
-2.93579975,2.4
-2.9356,2.4
-2.9354,2.4
-2.9352,2.32
-2.935,2.4
-2.9348,2.4
-2.9346,2.4
-2.93439975,2.4
-2.93419975,2.48
-2.934,2.4
-2.9338,2.48
-2.9336,2.4
-2.9334,2.32
-2.9332,2.4
-2.93299975,2.4
-2.93279975,2.48
-2.9326,2.4
-2.9324,2.48
-2.9322,2.4
-2.932,2.4
-2.9318,2.4
-2.93159975,2.48
-2.93139975,2.4
-2.9312,2.32
-2.931,2.4
-2.9308,2.4
-2.9306,2.32
-2.9304,2.4
-2.93019975,2.4
-2.92999975,2.48
-2.9298,2.4
-2.9296,2.32
-2.9294,2.4
-2.9292,2.4
-2.929,2.4
-2.92879975,2.4
-2.92859975,2.32
-2.9284,2.48
-2.9282,2.48
-2.928,2.48
-2.9278,2.48
-2.9276,2.48
-2.92739975,2.48
-2.92719975,2.4
-2.92699975,2.4
-2.9268,2.4
-2.9266,2.4
-2.9264,2.4
-2.9262,2.48
-2.926,2.48
-2.92579975,2.4
-2.92559975,2.48
-2.9254,2.48
-2.9252,2.4
-2.925,2.4
-2.9248,2.4
-2.9246,2.4
-2.92439975,2.48
-2.92419975,2.48
-2.924,2.4
-2.9238,2.48
-2.9236,2.4
-2.9234,2.4
-2.9232,2.48
-2.92299975,2.4
-2.92279975,2.48
-2.9226,2.4
-2.9224,2.48
-2.9222,2.48
-2.922,2.4
-2.9218,2.48
-2.92159975,2.4
-2.92139975,2.4
-2.9212,2.4
-2.921,2.4
-2.9208,2.48
-2.9206,2.48
-2.9204,2.4
-2.92019975,2.48
-2.91999975,2.4
-2.9198,2.48
-2.9196,2.48
-2.9194,2.48
-2.9192,2.48
-2.919,2.48
-2.9188,2.48
-2.91859975,2.48
-2.91839975,2.48
-2.9182,2.48
-2.918,2.48
-2.9178,2.48
-2.9176,2.48
-2.9174,2.48
-2.91719975,2.48
-2.91699975,2.48
-2.9168,2.48
-2.9166,2.48
-2.9164,2.48
-2.9162,2.48
-2.916,2.48
-2.91579975,2.48
-2.91559975,2.48
-2.9154,2.48
-2.9152,2.48
-2.915,2.48
-2.9148,2.48
-2.9146,2.48
-2.91439975,2.48
-2.91419975,2.48
-2.914,2.48
-2.9138,2.48
-2.9136,2.48
-2.9134,2.48
-2.9132,2.48
-2.91299975,2.48
-2.91279975,2.48
-2.9126,2.48
-2.9124,2.48
-2.9122,2.48
-2.912,2.48
-2.9118,2.48
-2.91159975,2.48
-2.91139975,2.48
-2.91119975,2.4
-2.911,2.48
-2.9108,2.48
-2.9106,2.64
-2.9104,2.48
-2.9102,2.48
-2.90999975,2.48
-2.90979975,2.48
-2.9096,2.48
-2.9094,2.48
-2.9092,2.48
-2.909,2.48
-2.9088,2.48
-2.90859975,2.48
-2.90839975,2.48
-2.9082,2.48
-2.908,2.48
-2.9078,2.48
-2.9076,2.56
-2.9074,2.56
-2.90719975,2.56
-2.90699975,2.48
-2.9068,2.48
-2.9066,2.48
-2.9064,2.48
-2.9062,2.48
-2.906,2.56
-2.90579975,2.48
-2.90559975,2.48
-2.9054,2.48
-2.9052,2.48
-2.905,2.48
-2.9048,2.56
-2.9046,2.56
-2.90439975,2.48
-2.90419975,2.48
-2.904,2.56
-2.9038,2.48
-2.9036,2.56
-2.9034,2.48
-2.9032,2.48
-2.903,2.48
-2.90279975,2.56
-2.90259975,2.48
-2.9024,2.48
-2.9022,2.48
-2.902,2.56
-2.9018,2.48
-2.9016,2.48
-2.90139975,2.56
-2.90119975,2.4
-2.901,2.56
-2.9008,2.48
-2.9006,2.8
-2.9004,2.56
-2.9002,2.56
-2.89999975,2.48
-2.89979975,2.48
-2.8996,2.56
-2.8994,2.48
-2.8992,2.56
-2.899,2.48
-2.8988,2.56
-2.89859975,2.48
-2.89839975,2.48
-2.8982,2.56
-2.898,2.48
-2.8978,2.56
-2.8976,2.56
-2.8974,2.48
-2.89719975,2.48
-2.89699975,2.56
-2.8968,2.56
-2.8966,2.56
-2.8964,2.56
-2.8962,2.48
-2.896,2.56
-2.8958,2.56
-2.89559975,2.56
-2.89539975,2.56
-2.8952,2.56
-2.895,2.56
-2.8948,2.48
-2.8946,2.48
-2.8944,2.48
-2.89419975,2.56
-2.89399975,2.56
-2.8938,2.56
-2.8936,2.56
-2.8934,2.56
-2.8932,2.56
-2.893,2.48
-2.89279975,2.56
-2.89259975,2.56
-2.8924,2.48
-2.8922,2.56
-2.892,2.64
-2.8918,2.48
-2.8916,2.56
-2.89139975,2.56
-2.89119975,2.4
-2.891,2.56
-2.8908,2.56
-2.8906,2.8
-2.8904,2.56
-2.8902,2.56
-2.88999975,2.56
-2.88979975,2.56
-2.8896,2.56
-2.8894,2.56
-2.8892,2.56
-2.889,2.56
-2.8888,2.56
-2.88859975,2.56
-2.88839975,2.56
-2.8882,2.56
-2.888,2.56
-2.8878,2.56
-2.8876,2.56
-2.8874,2.56
-2.8872,2.56
-2.88699975,2.56
-2.88679975,2.64
-2.8866,2.56
-2.8864,2.56
-2.8862,2.56
-2.886,2.56
-2.8858,2.56
-2.88559975,2.56
-2.88539975,2.56
-2.8852,2.56
-2.885,2.56
-2.8848,2.56
-2.8846,2.56
-2.8844,2.64
-2.88419975,2.56
-2.88399975,2.64
-2.8838,2.56
-2.8836,2.56
-2.8834,2.64
-2.8832,2.56
-2.883,2.56
-2.88279975,2.56
-2.88259975,2.56
-2.8824,2.56
-2.8822,2.56
-2.882,2.56
-2.8818,2.48
-2.8816,2.56
-2.88139975,2.56
-2.88119975,2.4
-2.881,2.56
-2.8808,2.56
-2.8806,2.8
-2.8804,2.56
-2.8802,2.64
-2.88,2.64
-2.87979975,2.56
-2.87959975,2.56
-2.8794,2.56
-2.8792,2.56
-2.879,2.56
-2.8788,2.56
-2.8786,2.56
-2.87839975,2.56
-2.87819975,2.56
-2.878,2.56
-2.8778,2.56
-2.8776,2.64
-2.8774,2.56
-2.8772,2.56
-2.87699975,2.56
-2.87679975,2.56
-2.8766,2.56
-2.8764,2.56
-2.8762,2.56
-2.876,2.64
-2.8758,2.64
-2.87559975,2.56
-2.87539975,2.64
-2.8752,2.56
-2.875,2.64
-2.8748,2.56
-2.8746,2.56
-2.8744,2.56
-2.87419975,2.64
-2.87399975,2.64
-2.8738,2.56
-2.8736,2.56
-2.8734,2.56
-2.8732,2.64
-2.873,2.64
-2.87279975,2.56
-2.87259975,2.56
-2.8724,2.56
-2.8722,2.64
-2.872,2.64
-2.8718,2.48
-2.8716,2.64
-2.8714,2.56
-2.87119975,2.4
-2.87099975,2.64
-2.8708,2.56
-2.8706,2.72
-2.8704,2.64
-2.8702,2.56
-2.87,2.88
-2.86979975,2.64
-2.86959975,2.56
-2.8694,2.64
-2.8692,2.56
-2.869,2.64
-2.8688,2.64
-2.8686,2.64
-2.86839975,2.56
-2.86819975,2.64
-2.868,2.56
-2.8678,2.56
-2.8676,2.64
-2.8674,2.56
-2.8672,2.56
-2.86699975,2.64
-2.86679975,2.64
-2.8666,2.56
-2.8664,2.64
-2.8662,2.56
-2.866,2.56
-2.8658,2.56
-2.86559975,2.56
-2.86539975,2.64
-2.8652,2.64
-2.865,2.56
-2.8648,2.56
-2.8646,2.64
-2.8644,2.64
-2.8642,2.56
-2.86399975,2.64
-2.86379975,2.64
-2.8636,2.56
-2.8634,2.56
-2.8632,2.56
-2.863,2.56
-2.8628,2.64
-2.86259975,2.64
-2.86239975,2.56
-2.8622,2.64
-2.862,2.56
-2.8618,2.4
-2.8616,2.64
-2.8614,2.64
-2.86119975,2.72
-2.86099975,2.64
-2.8608,2.56
-2.8606,2.88
-2.8604,2.64
-2.8602,2.64
-2.86,2.96
-2.85979975,2.64
-2.85959975,2.64
-2.8594,2.64
-2.8592,2.64
-2.859,2.64
-2.8588,2.64
-2.8586,2.64
-2.85839975,2.64
-2.85819975,2.64
-2.858,2.64
-2.8578,2.64
-2.8576,2.64
-2.8574,2.64
-2.8572,2.64
-2.85699975,2.64
-2.85679975,2.64
-2.8566,2.64
-2.8564,2.64
-2.8562,2.64
-2.856,2.64
-2.8558,2.64
-2.8556,2.64
-2.85539975,2.56
-2.85519975,2.64
-2.855,2.64
-2.8548,2.64
-2.8546,2.64
-2.8544,2.64
-2.8542,2.64
-2.85399975,2.64
-2.85379975,2.64
-2.8536,2.64
-2.8534,2.64
-2.8532,2.64
-2.853,2.56
-2.8528,2.64
-2.85259975,2.64
-2.85239975,2.56
-2.8522,2.64
-2.852,2.64
-2.8518,2.48
-2.8516,2.64
-2.8514,2.64
-2.85119975,2.72
-2.85099975,2.64
-2.8508,2.56
-2.8506,2.88
-2.8504,2.64
-2.8502,2.64
-2.85,2.64
-2.84979975,2.64
-2.84959975,2.64
-2.8494,2.64
-2.8492,2.64
-2.849,2.64
-2.8488,2.64
-2.8486,2.64
-2.8484,2.64
-2.84819975,2.64
-2.84799975,2.64
-2.8478,2.64
-2.8476,2.64
-2.8474,2.64
-2.8472,2.64
-2.847,2.64
-2.84679975,2.64
-2.84659975,2.64
-2.8464,2.64
-2.8462,2.64
-2.846,2.64
-2.8458,2.64
-2.8456,2.64
-2.84539975,2.64
-2.84519975,2.64
-2.845,2.64
-2.8448,2.64
-2.8446,2.64
-2.8444,2.64
-2.8442,2.64
-2.84399975,2.64
-2.84379975,2.64
-2.8436,2.64
-2.8434,2.64
-2.8432,2.64
-2.843,2.64
-2.8428,2.64
-2.84259975,2.64
-2.84239975,2.56
-2.8422,2.64
-2.842,2.64
-2.8418,2.48
-2.8416,2.64
-2.8414,2.64
-2.84119975,2.48
-2.84099975,2.64
-2.8408,2.64
-2.8406,2.8
-2.8404,2.64
-2.8402,2.64
-2.84,2.64
-2.8398,2.64
-2.83959975,2.64
-2.83939975,2.64
-2.8392,2.64
-2.839,2.64
-2.8388,2.64
-2.8386,2.64
-2.8384,2.64
-2.83819975,2.64
-2.83799975,2.64
-2.8378,2.64
-2.8376,2.64
-2.8374,2.64
-2.8372,2.64
-2.837,2.64
-2.83679975,2.64
-2.83659975,2.64
-2.8364,2.64
-2.8362,2.64
-2.836,2.64
-2.8358,2.64
-2.8356,2.64
-2.83539975,2.64
-2.83519975,2.64
-2.835,2.64
-2.8348,2.64
-2.8346,2.64
-2.8344,2.64
-2.8342,2.64
-2.83399975,2.64
-2.83379975,2.64
-2.8336,2.64
-2.8334,2.64
-2.8332,2.64
-2.833,2.64
-2.8328,2.64
-2.8326,2.64
-2.83239975,2.56
-2.83219975,2.64
-2.832,2.64
-2.8318,2.48
-2.8316,2.64
-2.8314,2.64
-2.8312,2.8
-2.83099975,2.64
-2.83079975,2.64
-2.8306,2.8
-2.8304,2.64
-2.8302,2.64
-2.83,2.88
-2.8298,2.64
-2.82959975,2.64
-2.82939975,2.64
-2.8292,2.64
-2.829,2.64
-2.8288,2.72
-2.8286,2.64
-2.8284,2.64
-2.82819975,2.64
-2.82799975,2.64
-2.8278,2.64
-2.8276,2.64
-2.8274,2.64
-2.8272,2.64
-2.827,2.64
-2.82679975,2.64
-2.82659975,2.64
-2.8264,2.64
-2.8262,2.64
-2.826,2.64
-2.8258,2.64
-2.8256,2.64
-2.8254,2.64
-2.82519975,2.64
-2.825,2.64
-2.8248,2.64
-2.8246,2.64
-2.8244,2.64
-2.8242,2.64
-2.824,2.64
-2.82379975,2.64
-2.82359975,2.64
-2.8234,2.64
-2.8232,2.64
-2.823,2.64
-2.8228,2.64
-2.8226,2.64
-2.82239975,2.64
-2.82219975,2.64
-2.822,2.64
-2.8218,2.56
-2.8216,2.64
-2.8214,2.64
-2.8212,2.8
-2.82099975,2.64
-2.82079975,2.64
-2.8206,2.96
-2.8204,2.64
-2.8202,2.64
-2.82,2.64
-2.8198,2.64
-2.81959975,2.64
-2.81939975,2.64
-2.8192,2.64
-2.819,2.64
-2.8188,2.64
-2.8186,2.64
-2.8184,2.64
-2.81819975,2.64
-2.81799975,2.64
-2.8178,2.64
-2.8176,2.64
-2.8174,2.64
-2.8172,2.64
-2.817,2.64
-2.8168,2.64
-2.81659975,2.64
-2.81639975,2.64
-2.8162,2.64
-2.816,2.64
-2.8158,2.64
-2.8156,2.64
-2.8154,2.64
-2.81519975,2.64
-2.81499975,2.64
-2.8148,2.64
-2.8146,2.64
-2.8144,2.64
-2.8142,2.64
-2.814,2.64
-2.81379975,2.64
-2.81359975,2.64
-2.8134,2.64
-2.8132,2.64
-2.813,2.64
-2.8128,2.64
-2.8126,2.64
-2.81239975,2.56
-2.81219975,2.64
-2.812,2.64
-2.8118,2.48
-2.8116,2.64
-2.8114,2.64
-2.8112,2.4
-2.81099975,2.64
-2.81079975,2.64
-2.8106,2.8
-2.8104,2.64
-2.8102,2.64
-2.81,2.64
-2.8098,2.64
-2.8096,2.64
-2.80939975,2.64
-2.80919975,2.64
-2.809,2.64
-2.8088,2.64
-2.8086,2.64
-2.8084,2.64
-2.8082,2.64
-2.80799975,2.64
-2.80779975,2.64
-2.8076,2.64
-2.8074,2.64
-2.8072,2.64
-2.807,2.64
-2.8068,2.64
-2.80659975,2.64
-2.80639975,2.64
-2.8062,2.64
-2.806,2.64
-2.8058,2.64
-2.8056,2.64
-2.8054,2.64
-2.80519975,2.64
-2.80499975,2.64
-2.8048,2.64
-2.8046,2.64
-2.8044,2.64
-2.8042,2.64
-2.804,2.56
-2.80379975,2.64
-2.80359975,2.64
-2.8034,2.64
-2.8032,2.64
-2.803,2.64
-2.8028,2.64
-2.8026,2.64
-2.80239975,2.64
-2.80219975,2.64
-2.802,2.64
-2.8018,2.56
-2.8016,2.64
-2.8014,2.64
-2.8012,2.8
-2.801,2.64
-2.80079975,2.64
-2.80059975,2.88
-2.8004,2.64
-2.8002,2.64
-2.8,2.64
-2.7998,2.64
-2.7996,2.64
-2.79939975,2.64
-2.79919975,2.64
-2.799,2.64
-2.7988,2.64
-2.7986,2.64
-2.7984,2.64
-2.7982,2.56
-2.79799975,2.64
-2.79779975,2.64
-2.7976,2.64
-2.7974,2.64
-2.7972,2.64
-2.797,2.64
-2.7968,2.64
-2.79659975,2.64
-2.79639975,2.64
-2.7962,2.64
-2.796,2.64
-2.7958,2.64
-2.7956,2.64
-2.7954,2.56
-2.79519975,2.64
-2.79499975,2.64
-2.7948,2.64
-2.7946,2.64
-2.7944,2.64
-2.7942,2.64
-2.794,2.64
-2.7938,2.64
-2.79359975,2.64
-2.79339975,2.64
-2.7932,2.64
-2.793,2.56
-2.7928,2.64
-2.7926,2.64
-2.7924,2.64
-2.79219975,2.64
-2.79199975,2.64
-2.7918,2.56
-2.7916,2.64
-2.7914,2.64
-2.7912,2.48
-2.791,2.64
-2.79079975,2.64
-2.79059975,2.96
-2.7904,2.64
-2.7902,2.64
-2.79,2.64
-2.7898,2.64
-2.7896,2.64
-2.78939975,2.64
-2.78919975,2.64
-2.789,2.64
-2.7888,2.64
-2.7886,2.64
-2.7884,2.64
-2.7882,2.64
-2.78799975,2.64
-2.78779975,2.64
-2.7876,2.64
-2.7874,2.64
-2.7872,2.64
-2.787,2.64
-2.7868,2.64
-2.78659975,2.64
-2.78639975,2.56
-2.7862,2.64
-2.786,2.56
-2.7858,2.64
-2.7856,2.64
-2.7854,2.64
-2.7852,2.64
-2.78499975,2.64
-2.78479975,2.64
-2.7846,2.56
-2.7844,2.64
-2.7842,2.64
-2.784,2.64
-2.7838,2.64
-2.78359975,2.64
-2.78339975,2.64
-2.7832,2.64
-2.783,2.64
-2.7828,2.56
-2.7826,2.64
-2.7824,2.56
-2.78219975,2.64
-2.78199975,2.64
-2.7818,2.56
-2.7816,2.56
-2.7814,2.56
-2.7812,2.56
-2.781,2.64
-2.78079975,2.64
-2.78059975,2.72
-2.7804,2.64
-2.7802,2.56
-2.78,2.64
-2.7798,2.64
-2.7796,2.64
-2.77939975,2.56
-2.77919975,2.56
-2.779,2.56
-2.7788,2.56
-2.7786,2.56
-2.7784,2.56
-2.7782,2.64
-2.778,2.64
-2.77779975,2.64
-2.77759975,2.56
-2.7774,2.64
-2.7772,2.64
-2.777,2.64
-2.7768,2.56
-2.7766,2.64
-2.77639975,2.64
-2.77619975,2.64
-2.776,2.56
-2.7758,2.56
-2.7756,2.64
-2.7754,2.64
-2.7752,2.64
-2.77499975,2.64
-2.77479975,2.64
-2.7746,2.64
-2.7744,2.64
-2.7742,2.64
-2.774,2.64
-2.7738,2.64
-2.77359975,2.56
-2.77339975,2.64
-2.7732,2.64
-2.773,2.64
-2.7728,2.64
-2.7726,2.56
-2.7724,2.56
-2.77219975,2.64
-2.77199975,2.64
-2.7718,2.56
-2.7716,2.56
-2.7714,2.64
-2.7712,2.64
-2.771,2.56
-2.7708,2.64
-2.77059975,2.88
-2.7704,2.56
-2.7702,2.64
-2.77,2.56
-2.7698,2.64
-2.7696,2.64
-2.7694,2.64
-2.76919975,2.56
-2.76899975,2.64
-2.7688,2.64
-2.7686,2.56
-2.7684,2.64
-2.7682,2.64
-2.768,2.64
-2.76779975,2.64
-2.76759975,2.64
-2.7674,2.56
-2.7672,2.56
-2.767,2.56
-2.7668,2.56
-2.7666,2.64
-2.76639975,2.64
-2.76619975,2.64
-2.766,2.56
-2.7658,2.64
-2.7656,2.64
-2.7654,2.56
-2.7652,2.56
-2.76499975,2.8
-2.76479975,2.56
-2.7646,2.56
-2.7644,2.88
-2.7642,2.56
-2.764,2.56
-2.7638,2.64
-2.76359975,2.64
-2.76339975,2.56
-2.7632,2.64
-2.763,2.64
-2.7628,2.64
-2.7626,2.56
-2.7624,2.64
-2.7622,2.64
-2.76199975,2.64
-2.76179975,2.56
-2.7616,2.64
-2.7614,2.64
-2.7612,2.64
-2.761,2.56
-2.7608,2.56
-2.76059975,2.56
-2.76039975,2.56
-2.7602,2.56
-2.76,2.56
-2.7598,2.64
-2.7596,2.64
-2.7594,2.64
-2.75919975,2.56
-2.75899975,2.56
-2.7588,2.64
-2.7586,2.64
-2.7584,2.64
-2.7582,2.64
-2.758,2.64
-2.75779975,2.56
-2.75759975,2.64
-2.7574,2.64
-2.7572,2.64
-2.757,2.64
-2.7568,2.56
-2.7566,2.56
-2.75639975,2.56
-2.75619975,2.56
-2.756,2.56
-2.7558,2.64
-2.7556,2.64
-2.7554,2.64
-2.7552,2.64
-2.755,2.64
-2.75479975,2.64
-2.7546,2.56
-2.7544,2.56
-2.7542,2.64
-2.754,2.64
-2.7538,2.56
-2.7536,2.56
-2.75339975,2.64
-2.75319975,2.56
-2.753,2.64
-2.7528,2.56
-2.7526,2.48
-2.7524,2.64
-2.7522,2.64
-2.75199975,2.32
-2.75179975,2.64
-2.7516,2.56
-2.7514,2.64
-2.7512,2.64
-2.751,2.64
-2.7508,2.72
-2.75059975,2.64
-2.75039975,2.56
-2.7502,2.8
-2.75,2.64
-2.7498,2.56
-2.7496,2.64
-2.7494,2.64
-2.74919975,2.64
-2.74899975,2.56
-2.7488,2.56
-2.7486,2.64
-2.7484,2.56
-2.7482,2.64
-2.748,2.56
-2.74779975,2.56
-2.74759975,2.64
-2.7474,2.56
-2.7472,2.64
-2.747,2.64
-2.7468,2.64
-2.7466,2.64
-2.7464,2.64
-2.74619975,2.64
-2.74599975,2.56
-2.7458,2.48
-2.7456,2.64
-2.7454,2.56
-2.7452,2.4
-2.745,2.64
-2.74479975,2.56
-2.74459975,2.64
-2.7444,2.64
-2.7442,2.64
-2.744,2.64
-2.7438,2.56
-2.7436,2.56
-2.74339975,2.8
-2.74319975,2.56
-2.743,2.56
-2.7428,2.64
-2.7426,2.56
-2.7424,2.56
-2.7422,2.56
-2.74199975,2.64
-2.74179975,2.64
-2.7416,2.56
-2.7414,2.64
-2.7412,2.56
-2.741,2.64
-2.7408,2.56
-2.74059975,2.56
-2.74039975,2.64
-2.7402,2.64
-2.74,2.64
-2.7398,2.56
-2.7396,2.56
-2.7394,2.64
-2.7392,2.56
-2.73899975,2.56
-2.7388,2.56
-2.7386,2.56
-2.7384,2.56
-2.7382,2.56
-2.738,2.64
-2.7378,2.64
-2.73759975,2.56
-2.73739975,2.56
-2.7372,2.56
-2.737,2.56
-2.7368,2.64
-2.7366,2.56
-2.7364,2.56
-2.73619975,2.64
-2.73599975,2.56
-2.7358,2.56
-2.7356,2.56
-2.7354,2.64
-2.7352,2.32
-2.735,2.64
-2.73479975,2.56
-2.73459975,2.64
-2.7344,2.56
-2.7342,2.56
-2.734,2.64
-2.7338,2.56
-2.7336,2.64
-2.73339975,2.8
-2.73319975,2.56
-2.733,2.56
-2.7328,2.56
-2.7326,2.64
-2.7324,2.56
-2.7322,2.56
-2.73199975,2.56
-2.73179975,2.56
-2.7316,2.56
-2.7314,2.64
-2.7312,2.64
-2.731,2.56
-2.7308,2.56
-2.7306,2.56
-2.73039975,2.64
-2.73019975,2.56
-2.73,2.56
-2.7298,2.64
-2.7296,2.64
-2.7294,2.64
-2.7292,2.64
-2.72899975,2.56
-2.72879975,2.64
-2.7286,2.56
-2.7284,2.56
-2.7282,2.56
-2.728,2.64
-2.7278,2.64
-2.72759975,2.56
-2.72739975,2.56
-2.7272,2.64
-2.727,2.64
-2.7268,2.64
-2.7266,2.64
-2.7264,2.56
-2.72619975,2.56
-2.72599975,2.64
-2.7258,2.56
-2.7256,2.56
-2.7254,2.56
-2.7252,2.64
-2.725,2.64
-2.72479975,2.64
-2.72459975,2.56
-2.7244,2.56
-2.7242,2.56
-2.724,2.48
-2.7238,2.56
-2.7236,2.56
-2.7234,2.8
-2.72319975,2.56
-2.723,2.64
-2.7228,2.56
-2.7226,2.56
-2.7224,2.56
-2.7222,2.64
-2.722,2.56
-2.72179975,2.64
-2.72159975,2.64
-2.7214,2.56
-2.7212,2.56
-2.721,2.64
-2.7208,2.56
-2.7206,2.56
-2.72039975,2.56
-2.72019975,2.64
-2.72,2.56
-2.7198,2.56
-2.7196,2.56
-2.7194,2.56
-2.7192,2.64
-2.71899975,2.64
-2.71879975,2.56
-2.7186,2.56
-2.7184,2.56
-2.7182,2.56
-2.718,2.56
-2.7178,2.56
-2.71759975,2.64
-2.71739975,2.64
-2.7172,2.64
-2.717,2.56
-2.7168,2.56
-2.7166,2.56
-2.7164,2.56
-2.71619975,2.56
-2.71599975,2.56
-2.7158,2.56
-2.7156,2.56
-2.7154,2.56
-2.7152,2.64
-2.715,2.56
-2.7148,2.56
-2.71459975,2.48
-2.71439975,2.56
-2.7142,2.56
-2.714,2.48
-2.7138,2.56
-2.7136,2.64
-2.7134,2.56
-2.71319975,2.56
-2.71299975,2.64
-2.7128,2.56
-2.7126,2.56
-2.7124,2.56
-2.7122,2.56
-2.712,2.64
-2.71179975,2.56
-2.71159975,2.56
-2.7114,2.56
-2.7112,2.56
-2.711,2.56
-2.7108,2.56
-2.7106,2.56
-2.71039975,2.56
-2.71019975,2.56
-2.71,2.56
-2.7098,2.64
-2.7096,2.64
-2.7094,2.64
-2.7092,2.56
-2.70899975,2.56
-2.70879975,2.56
-2.7086,2.56
-2.7084,2.64
-2.7082,2.56
-2.708,2.64
-2.7078,2.56
-2.7076,2.56
-2.70739975,2.56
-2.7072,2.56
-2.707,2.64
-2.7068,2.56
-2.7066,2.56
-2.7064,2.56
-2.7062,2.56
-2.70599975,2.56
-2.70579975,2.64
-2.7056,2.56
-2.7054,2.56
-2.7052,2.64
-2.705,2.56
-2.7048,2.56
-2.70459975,2.56
-2.70439975,2.56
-2.7042,2.56
-2.704,2.56
-2.7038,2.56
-2.7036,2.56
-2.7034,2.72
-2.70319975,2.56
-2.70299975,2.56
-2.7028,2.64
-2.7026,2.56
-2.7024,2.56
-2.7022,2.56
-2.702,2.56
-2.70179975,2.56
-2.70159975,2.56
-2.7014,2.64
-2.7012,2.56
-2.701,2.56
-2.7008,2.64
-2.7006,2.56
-2.7004,2.56
-2.70019975,2.56
-2.7,2.56
-2.6998,2.56
-2.6996,2.56
-2.6994,2.56
-2.6992,2.56
-2.699,2.64
-2.69879975,2.56
-2.69859975,2.56
-2.6984,2.56
-2.6982,2.64
-2.698,2.64
-2.6978,2.56
-2.6976,2.56
-2.69739975,2.56
-2.69719975,2.56
-2.697,2.56
-2.6968,2.56
-2.6966,2.56
-2.6964,2.56
-2.6962,2.56
-2.69599975,2.56
-2.69579975,2.56
-2.6956,2.48
-2.6954,2.56
-2.6952,2.56
-2.695,2.48
-2.6948,2.56
-2.69459975,2.56
-2.69439975,2.48
-2.6942,2.56
-2.694,2.56
-2.6938,2.56
-2.6936,2.48
-2.6934,2.48
-2.69319975,2.48
-2.69299975,2.48
-2.6928,2.48
-2.6926,2.48
-2.6924,2.56
-2.6922,2.48
-2.692,2.48
-2.6918,2.48
-2.69159975,2.56
-2.6914,2.48
-2.6912,2.48
-2.691,2.48
-2.6908,2.64
-2.6906,2.56
-2.6904,2.56
-2.69019975,2.48
-2.68999975,2.56
-2.6898,2.56
-2.6896,2.56
-2.6894,2.56
-2.6892,2.56
-2.689,2.56
-2.68879975,2.56
-2.68859975,2.56
-2.6884,2.56
-2.6882,2.56
-2.688,2.56
-2.6878,2.56
-2.6876,2.56
-2.68739975,2.56
-2.68719975,2.56
-2.687,2.56
-2.6868,2.56
-2.6866,2.56
-2.6864,2.56
-2.6862,2.56
-2.68599975,2.56
-2.68579975,2.56
-2.6856,2.64
-2.6854,2.56
-2.6852,2.56
-2.685,2.56
-2.6848,2.56
-2.6846,2.56
-2.68439975,2.56
-2.6842,2.56
-2.684,2.56
-2.6838,2.56
-2.6836,2.56
-2.6834,2.56
-2.6832,2.56
-2.68299975,2.56
-2.68279975,2.56
-2.6826,2.56
-2.6824,2.56
-2.6822,2.56
-2.682,2.56
-2.6818,2.56
-2.68159975,2.56
-2.68139975,2.56
-2.6812,2.56
-2.681,2.56
-2.6808,2.56
-2.6806,2.56
-2.6804,2.56
-2.68019975,2.56
-2.67999975,2.56
-2.6798,2.56
-2.6796,2.56
-2.6794,2.56
-2.6792,2.56
-2.679,2.56
-2.67879975,2.56
-2.67859975,2.56
-2.6784,2.56
-2.6782,2.56
-2.678,2.56
-2.6778,2.56
-2.6776,2.56
-2.67739975,2.56
-2.67719975,2.56
-2.677,2.56
-2.6768,2.56
-2.6766,2.56
-2.6764,2.56
-2.6762,2.56
-2.676,2.56
-2.67579975,2.56
-2.67559975,2.64
-2.6754,2.56
-2.6752,2.56
-2.675,2.56
-2.6748,2.56
-2.6746,2.56
-2.67439975,2.56
-2.67419975,2.56
-2.674,2.56
-2.6738,2.48
-2.6736,2.56
-2.6734,2.56
-2.6732,2.56
-2.67299975,2.56
-2.67279975,2.56
-2.6726,2.56
-2.6724,2.56
-2.6722,2.56
-2.672,2.56
-2.6718,2.56
-2.67159975,2.56
-2.67139975,2.56
-2.6712,2.56
-2.671,2.56
-2.6708,2.56
-2.6706,2.56
-2.6704,2.56
-2.67019975,2.56
-2.66999975,2.56
-2.6698,2.56
-2.6696,2.56
-2.6694,2.56
-2.6692,2.56
-2.669,2.56
-2.6688,2.56
-2.66859975,2.48
-2.6684,2.56
-2.6682,2.56
-2.668,2.56
-2.6678,2.64
-2.6676,2.56
-2.6674,2.48
-2.66719975,2.56
-2.66699975,2.56
-2.6668,2.56
-2.6666,2.56
-2.6664,2.56
-2.6662,2.56
-2.666,2.56
-2.66579975,2.48
-2.66559975,2.56
-2.6654,2.56
-2.6652,2.48
-2.665,2.56
-2.6648,2.56
-2.6646,2.56
-2.66439975,2.56
-2.66419975,2.48
-2.664,2.56
-2.6638,2.56
-2.6636,2.56
-2.6634,2.48
-2.6632,2.48
-2.66299975,2.56
-2.66279975,2.56
-2.6626,2.48
-2.6624,2.56
-2.6622,2.48
-2.662,2.56
-2.6618,2.56
-2.66159975,2.56
-2.66139975,2.56
-2.6612,2.64
-2.661,2.56
-2.6608,2.56
-2.6606,2.56
-2.6604,2.56
-2.6602,2.48
-2.65999975,2.56
-2.65979975,2.56
-2.6596,2.56
-2.6594,2.56
-2.6592,2.48
-2.659,2.56
-2.6588,2.56
-2.65859975,2.56
-2.65839975,2.56
-2.6582,2.56
-2.658,2.56
-2.6578,2.56
-2.6576,2.56
-2.6574,2.56
-2.65719975,2.56
-2.65699975,2.56
-2.6568,2.56
-2.6566,2.56
-2.6564,2.56
-2.6562,2.56
-2.656,2.56
-2.65579975,2.56
-2.65559975,2.56
-2.6554,2.56
-2.6552,2.56
-2.655,2.56
-2.6548,2.56
-2.6546,2.56
-2.65439975,2.56
-2.65419975,2.48
-2.654,2.48
-2.6538,2.48
-2.6536,2.48
-2.6534,2.48
-2.6532,2.48
-2.653,2.48
-2.65279975,2.48
-2.6526,2.48
-2.6524,2.48
-2.6522,2.48
-2.652,2.48
-2.6518,2.56
-2.6516,2.48
-2.65139975,2.48
-2.65119975,2.48
-2.651,2.48
-2.6508,2.48
-2.6506,2.48
-2.6504,2.48
-2.6502,2.48
-2.64999975,2.48
-2.64979975,2.48
-2.6496,2.48
-2.6494,2.48
-2.6492,2.48
-2.649,2.48
-2.6488,2.48
-2.64859975,2.48
-2.64839975,2.48
-2.6482,2.48
-2.648,2.48
-2.6478,2.48
-2.6476,2.48
-2.6474,2.48
-2.64719975,2.48
-2.64699975,2.56
-2.6468,2.48
-2.6466,2.48
-2.6464,2.48
-2.6462,2.48
-2.646,2.48
-2.6458,2.56
-2.64559975,2.48
-2.6454,2.48
-2.6452,2.48
-2.645,2.48
-2.6448,2.48
-2.6446,2.48
-2.6444,2.48
-2.64419975,2.48
-2.64399975,2.48
-2.6438,2.48
-2.6436,2.48
-2.6434,2.48
-2.6432,2.48
-2.643,2.48
-2.64279975,2.48
-2.64259975,2.48
-2.6424,2.48
-2.6422,2.48
-2.642,2.48
-2.6418,2.48
-2.6416,2.48
-2.64139975,2.48
-2.64119975,2.48
-2.641,2.48
-2.6408,2.48
-2.6406,2.48
-2.6404,2.48
-2.6402,2.48
-2.63999975,2.48
-2.63979975,2.48
-2.6396,2.48
-2.6394,2.48
-2.6392,2.48
-2.639,2.48
-2.6388,2.48
-2.63859975,2.48
-2.63839975,2.48
-2.6382,2.48
-2.638,2.48
-2.6378,2.48
-2.6376,2.48
-2.6374,2.48
-2.6372,2.48
-2.63699975,2.48
-2.6368,2.48
-2.6366,2.48
-2.6364,2.48
-2.6362,2.48
-2.636,2.48
-2.6358,2.48
-2.63559975,2.48
-2.63539975,2.48
-2.6352,2.56
-2.635,2.56
-2.6348,2.48
-2.6346,2.48
-2.6344,2.48
-2.63419975,2.48
-2.63399975,2.48
-2.6338,2.48
-2.6336,2.48
-2.6334,2.56
-2.6332,2.48
-2.633,2.48
-2.63279975,2.48
-2.63259975,2.48
-2.6324,2.48
-2.6322,2.56
-2.632,2.48
-2.6318,2.48
-2.6316,2.48
-2.63139975,2.48
-2.63119975,2.48
-2.631,2.48
-2.6308,2.48
-2.6306,2.48
-2.6304,2.48
-2.6302,2.48
-2.63,2.48
-2.62979975,2.48
-2.6296,2.48
-2.6294,2.48
-2.6292,2.48
-2.629,2.48
-2.6288,2.48
-2.6286,2.48
-2.62839975,2.48
-2.62819975,2.48
-2.628,2.48
-2.6278,2.48
-2.6276,2.48
-2.6274,2.48
-2.6272,2.48
-2.62699975,2.48
-2.62679975,2.48
-2.6266,2.48
-2.6264,2.48
-2.6262,2.48
-2.626,2.48
-2.6258,2.48
-2.62559975,2.48
-2.62539975,2.48
-2.6252,2.56
-2.625,2.56
-2.6248,2.56
-2.6246,2.48
-2.6244,2.56
-2.62419975,2.56
-2.62399975,2.48
-2.6238,2.48
-2.6236,2.48
-2.6234,2.56
-2.6232,2.56
-2.623,2.56
-2.62279975,2.56
-2.62259975,2.56
-2.6224,2.56
-2.6222,2.56
-2.622,2.56
-2.6218,2.56
-2.6216,2.56
-2.6214,2.56
-2.62119975,2.48
-2.621,2.56
-2.6208,2.56
-2.6206,2.56
-2.6204,2.48
-2.6202,2.56
-2.62,2.56
-2.61979975,2.56
-2.61959975,2.56
-2.6194,2.56
-2.6192,2.56
-2.619,2.56
-2.6188,2.56
-2.6186,2.56
-2.61839975,2.56
-2.61819975,2.56
-2.618,2.48
-2.6178,2.56
-2.6176,2.56
-2.6174,2.48
-2.6172,2.56
-2.61699975,2.56
-2.61679975,2.56
-2.6166,2.56
-2.6164,2.56
-2.6162,2.56
-2.616,2.56
-2.6158,2.56
-2.61559975,2.56
-2.61539975,2.48
-2.6152,2.56
-2.615,2.56
-2.6148,2.56
-2.6146,2.56
-2.6144,2.56
-2.6142,2.56
-2.61399975,2.56
-2.6138,2.48
-2.6136,2.56
-2.6134,2.56
-2.6132,2.48
-2.613,2.56
-2.6128,2.48
-2.61259975,2.56
-2.61239975,2.56
-2.6122,2.48
-2.612,2.56
-2.6118,2.56
-2.6116,2.56
-2.6114,2.56
-2.61119975,2.48
-2.61099975,2.56
-2.6108,2.56
-2.6106,2.56
-2.6104,2.48
-2.6102,2.56
-2.61,2.56
-2.60979975,2.48
-2.60959975,2.56
-2.6094,2.56
-2.6092,2.56
-2.609,2.56
-2.6088,2.56
-2.6086,2.56
-2.60839975,2.48
-2.60819975,2.56
-2.608,2.56
-2.6078,2.56
-2.6076,2.56
-2.6074,2.56
-2.6072,2.56
-2.60699975,2.56
-2.60679975,2.56
-2.6066,2.56
-2.6064,2.56
-2.6062,2.56
-2.606,2.56
-2.6058,2.56
-2.6056,2.56
-2.60539975,2.56
-2.6052,2.56
-2.605,2.56
-2.6048,2.56
-2.6046,2.48
-2.6044,2.48
-2.6042,2.56
-2.60399975,2.48
-2.60379975,2.56
-2.6036,2.56
-2.6034,2.56
-2.6032,2.56
-2.603,2.48
-2.6028,2.56
-2.60259975,2.56
-2.60239975,2.56
-2.6022,2.56
-2.602,2.56
-2.6018,2.56
-2.6016,2.48
-2.6014,2.56
-2.60119975,2.48
-2.60099975,2.56
-2.6008,2.56
-2.6006,2.56
-2.6004,2.56
-2.6002,2.56
-2.6,2.56
-2.59979975,2.56
-2.59959975,2.56
-2.5994,2.56
-2.5992,2.48
-2.599,2.56
-2.5988,2.48
-2.5986,2.56
-2.5984,2.56
-2.59819975,2.56
-2.598,2.56
-2.5978,2.56
-2.5976,2.56
-2.5974,2.56
-2.5972,2.56
-2.597,2.48
-2.59679975,2.48
-2.59659975,2.56
-2.5964,2.56
-2.5962,2.48
-2.596,2.56
-2.5958,2.56
-2.5956,2.56
-2.59539975,2.48
-2.59519975,2.56
-2.595,2.56
-2.5948,2.56
-2.5946,2.56
-2.5944,2.48
-2.5942,2.48
-2.59399975,2.56
-2.59379975,2.56
-2.5936,2.48
-2.5934,2.56
-2.5932,2.48
-2.593,2.56
-2.5928,2.56
-2.59259975,2.48
-2.59239975,2.56
-2.5922,2.48
-2.592,2.48
-2.5918,2.56
-2.5916,2.56
-2.5914,2.56
-2.59119975,2.56
-2.59099975,2.48
-2.5908,2.56
-2.5906,2.56
-2.5904,2.48
-2.5902,2.48
-2.59,2.56
-2.5898,2.56
-2.58959975,2.56
-2.5894,2.56
-2.5892,2.56
-2.589,2.48
-2.5888,2.56
-2.5886,2.56
-2.5884,2.48
-2.58819975,2.48
-2.58799975,2.48
-2.5878,2.56
-2.5876,2.56
-2.5874,2.56
-2.5872,2.56
-2.587,2.56
-2.58679975,2.56
-2.58659975,2.48
-2.5864,2.56
-2.5862,2.48
-2.586,2.56
-2.5858,2.56
-2.5856,2.48
-2.58539975,2.56
-2.58519975,2.56
-2.585,2.56
-2.5848,2.48
-2.5846,2.56
-2.5844,2.56
-2.5842,2.48
-2.58399975,2.56
-2.58379975,2.56
-2.5836,2.56
-2.5834,2.56
-2.5832,2.56
-2.583,2.56
-2.5828,2.56
-2.5826,2.56
-2.58239975,2.48
-2.5822,2.48
-2.582,2.48
-2.5818,2.56
-2.5816,2.56
-2.5814,2.56
-2.5812,2.56
-2.58099975,2.48
-2.58079975,2.56
-2.5806,2.56
-2.5804,2.56
-2.5802,2.56
-2.58,2.48
-2.5798,2.56
-2.57959975,2.56
-2.57939975,2.56
-2.5792,2.56
-2.579,2.48
-2.5788,2.56
-2.5786,2.48
-2.5784,2.56
-2.57819975,2.56
-2.57799975,2.56
-2.5778,2.48
-2.5776,2.56
-2.5774,2.48
-2.5772,2.48
-2.577,2.56
-2.57679975,2.48
-2.57659975,2.56
-2.5764,2.56
-2.5762,2.56
-2.576,2.56
-2.5758,2.56
-2.5756,2.56
-2.5754,2.56
-2.57519975,2.48
-2.575,2.56
-2.5748,2.56
-2.5746,2.48
-2.5744,2.56
-2.5742,2.56
-2.574,2.56
-2.57379975,2.56
-2.5736,2.48
-2.5734,2.48
-2.5732,2.56
-2.573,2.56
-2.5728,2.56
-2.5726,2.56
-2.57239975,2.56
-2.57219975,2.48
-2.572,2.56
-2.5718,2.56
-2.5716,2.56
-2.5714,2.56
-2.5712,2.56
-2.57099975,2.56
-2.57079975,2.56
-2.5706,2.48
-2.5704,2.56
-2.5702,2.56
-2.57,2.48
-2.5698,2.48
-2.56959975,2.56
-2.56939975,2.48
-2.5692,2.56
-2.569,2.56
-2.5688,2.56
-2.5686,2.56
-2.5684,2.56
-2.56819975,2.48
-2.56799975,2.56
-2.5678,2.56
-2.5676,2.56
-2.5674,2.56
-2.5672,2.56
-2.567,2.56
-2.5668,2.56
-2.56659975,2.56
-2.5664,2.56
-2.5662,2.56
-2.566,2.56
-2.5658,2.48
-2.5656,2.48
-2.5654,2.56
-2.56519975,2.48
-2.56499975,2.56
-2.5648,2.56
-2.5646,2.56
-2.5644,2.48
-2.5642,2.56
-2.564,2.56
-2.56379975,2.48
-2.56359975,2.56
-2.5634,2.56
-2.5632,2.56
-2.563,2.56
-2.5628,2.56
-2.5626,2.48
-2.56239975,2.48
-2.56219975,2.48
-2.562,2.56
-2.5618,2.56
-2.5616,2.56
-2.5614,2.56
-2.5612,2.56
-2.56099975,2.56
-2.56079975,2.56
-2.5606,2.56
-2.5604,2.56
-2.5602,2.56
-2.56,2.56
-2.5598,2.56
-2.5596,2.56
-2.55939975,2.48
-2.5592,2.48
-2.559,2.56
-2.5588,2.48
-2.5586,2.48
-2.5584,2.56
-2.5582,2.56
-2.55799975,2.56
-2.5578,2.56
-2.5576,2.56
-2.5574,2.56
-2.5572,2.56
-2.557,2.56
-2.5568,2.56
-2.55659975,2.48
-2.55639975,2.56
-2.5562,2.48
-2.556,2.48
-2.5558,2.56
-2.5556,2.56
-2.5554,2.48
-2.55519975,2.56
-2.55499975,2.48
-2.5548,2.48
-2.5546,2.56
-2.5544,2.56
-2.5542,2.56
-2.554,2.56
-2.55379975,2.56
-2.55359975,2.48
-2.5534,2.56
-2.5532,2.56
-2.553,2.56
-2.5528,2.48
-2.5526,2.48
-2.55239975,2.56
-2.55219975,2.56
-2.552,2.56
-2.5518,2.56
-2.5516,2.48
-2.5514,2.56
-2.5512,2.56
-2.551,2.56
-2.55079975,2.56
-2.5506,2.56
-2.5504,2.56
-2.5502,2.56
-2.55,2.56
-2.5498,2.56
-2.5496,2.56
-2.54939975,2.48
-2.54919975,2.56
-2.549,2.56
-2.5488,2.56
-2.5486,2.56
-2.5484,2.56
-2.5482,2.56
-2.54799975,2.56
-2.54779975,2.56
-2.5476,2.56
-2.5474,2.48
-2.5472,2.48
-2.547,2.56
-2.5468,2.48
-2.54659975,2.56
-2.54639975,2.56
-2.5462,2.56
-2.546,2.56
-2.5458,2.56
-2.5456,2.56
-2.5454,2.48
-2.54519975,2.56
-2.54499975,2.56
-2.5448,2.56
-2.5446,2.48
-2.5444,2.56
-2.5442,2.56
-2.544,2.56
-2.5438,2.56
-2.54359975,2.56
-2.5434,2.48
-2.5432,2.56
-2.543,2.48
-2.5428,2.56
-2.5426,2.56
-2.5424,2.56
-2.54219975,2.48
-2.54199975,2.56
-2.5418,2.48
-2.5416,2.56
-2.5414,2.56
-2.5412,2.56
-2.541,2.56
-2.54079975,2.56
-2.54059975,2.56
-2.5404,2.56
-2.5402,2.56
-2.54,2.56
-2.5398,2.56
-2.5396,2.56
-2.53939975,2.56
-2.53919975,2.56
-2.539,2.56
-2.5388,2.56
-2.5386,2.56
-2.5384,2.56
-2.5382,2.56
-2.53799975,2.56
-2.53779975,2.48
-2.5376,2.56
-2.5374,2.48
-2.5372,2.56
-2.537,2.56
-2.5368,2.56
-2.53659975,2.48
-2.53639975,2.56
-2.5362,2.56
-2.536,2.56
-2.5358,2.56
-2.5356,2.56
-2.5354,2.56
-2.5352,2.56
-2.53499975,2.56
-2.5348,2.48
-2.5346,2.48
-2.5344,2.56
-2.5342,2.48
-2.534,2.48
-2.5338,2.48
-2.53359975,2.48
-2.53339975,2.56
-2.5332,2.56
-2.533,2.56
-2.5328,2.48
-2.5326,2.56
-2.5324,2.48
-2.53219975,2.56
-2.53199975,2.48
-2.5318,2.56
-2.5316,2.48
-2.5314,2.56
-2.5312,2.56
-2.531,2.56
-2.53079975,2.48
-2.53059975,2.48
-2.5304,2.56
-2.5302,2.48
-2.53,2.56
-2.5298,2.56
-2.5296,2.56
-2.52939975,2.56
-2.52919975,2.48
-2.529,2.48
-2.5288,2.56
-2.5286,2.48
-2.5284,2.48
-2.5282,2.56
-2.528,2.56
-2.52779975,2.56
-2.5276,2.56
-2.5274,2.56
-2.5272,2.56
-2.527,2.56
-2.5268,2.48
-2.5266,2.48
-2.52639975,2.48
-2.52619975,2.56
-2.526,2.56
-2.5258,2.56
-2.5256,2.56
-2.5254,2.56
-2.5252,2.56
-2.52499975,2.56
-2.52479975,2.56
-2.5246,2.48
-2.5244,2.56
-2.5242,2.56
-2.524,2.56
-2.5238,2.48
-2.52359975,2.56
-2.52339975,2.48
-2.5232,2.56
-2.523,2.56
-2.5228,2.56
-2.5226,2.56
-2.5224,2.56
-2.52219975,2.56
-2.52199975,2.48
-2.5218,2.56
-2.5216,2.56
-2.5214,2.56
-2.5212,2.48
-2.521,2.56
-2.5208,2.48
-2.52059975,2.56
-2.5204,2.48
-2.5202,2.56
-2.52,2.48
-2.5198,2.48
-2.5196,2.48
-2.5194,2.56
-2.51919975,2.48
-2.519,2.56
-2.5188,2.56
-2.5186,2.48
-2.5184,2.56
-2.5182,2.56
-2.518,2.48
-2.51779975,2.56
-2.51759975,2.56
-2.5174,2.64
-2.5172,2.48
-2.517,2.56
-2.5168,2.56
-2.5166,2.56
-2.51639975,2.56
-2.51619975,2.56
-2.516,2.56
-2.5158,2.56
-2.5156,2.56
-2.5154,2.56
-2.5152,2.48
-2.51499975,2.48
-2.51479975,2.56
-2.5146,2.56
-2.5144,2.56
-2.5142,2.56
-2.514,2.48
-2.5138,2.48
-2.51359975,2.56
-2.51339975,2.56
-2.5132,2.56
-2.513,2.56
-2.5128,2.56
-2.5126,2.56
-2.5124,2.56
-2.5122,2.56
-2.51199975,2.56
-2.5118,2.56
-2.5116,2.48
-2.5114,2.56
-2.5112,2.56
-2.511,2.56
-2.5108,2.48
-2.51059975,2.56
-2.51039975,2.48
-2.5102,2.56
-2.51,2.56
-2.5098,2.48
-2.5096,2.56
-2.5094,2.56
-2.50919975,2.56
-2.50899975,2.56
-2.5088,2.56
-2.5086,2.48
-2.5084,2.48
-2.5082,2.56
-2.508,2.56
-2.50779975,2.56
-2.50759975,2.56
-2.5074,2.48
-2.5072,2.56
-2.507,2.56
-2.5068,2.56
-2.5066,2.48
-2.50639975,2.48
-2.50619975,2.56
-2.506,2.48
-2.5058,2.56
-2.5056,2.56
-2.5054,2.56
-2.5052,2.48
-2.505,2.56
-2.50479975,2.48
-2.5046,2.48
-2.5044,2.48
-2.5042,2.56
-2.504,2.48
-2.5038,2.56
-2.5036,2.56
-2.50339975,2.56
-2.5032,2.56
-2.503,2.56
-2.5028,2.48
-2.5026,2.48
-2.5024,2.48
-2.5022,2.56
-2.50199975,2.56
-2.50179975,2.56
-2.5016,2.56
-2.5014,2.48
-2.5012,2.56
-2.501,2.56
-2.5008,2.56
-2.50059975,2.48
-2.50039975,2.56
-2.5002,2.56
-2.5,2.48
-2.4998,2.56
-2.4996,2.56
-2.4994,2.56
-2.49919975,2.56
-2.49899975,2.56
-2.4988,2.56
-2.4986,2.48
-2.4984,2.56
-2.4982,2.56
-2.498,2.56
-2.49779975,2.56
-2.49759975,2.56
-2.4974,2.48
-2.4972,2.56
-2.497,2.56
-2.4968,2.56
-2.4966,2.48
-2.4964,2.56
-2.49619975,2.56
-2.496,2.56
-2.4958,2.56
-2.4956,2.56
-2.4954,2.48
-2.4952,2.56
-2.495,2.64
-2.49479975,2.48
-2.49459975,2.56
-2.4944,2.56
-2.4942,2.48
-2.494,2.48
-2.4938,2.48
-2.4936,2.48
-2.49339975,2.56
-2.49319975,2.56
-2.493,2.48
-2.4928,2.48
-2.4926,2.48
-2.4924,2.56
-2.4922,2.56
-2.49199975,2.48
-2.49179975,2.56
-2.4916,2.48
-2.4914,2.56
-2.4912,2.56
-2.491,2.56
-2.4908,2.48
-2.49059975,2.56
-2.49039975,2.56
-2.4902,2.56
-2.49,2.48
-2.4898,2.56
-2.4896,2.56
-2.4894,2.56
-2.4892,2.56
-2.48899975,2.56
-2.4888,2.56
-2.4886,2.56
-2.4884,2.4
-2.4882,2.56
-2.488,2.48
-2.4878,2.56
-2.48759975,2.56
-2.4874,2.56
-2.4872,2.56
-2.487,2.48
-2.4868,2.56
-2.4866,2.56
-2.4864,2.56
-2.48619975,2.56
-2.48599975,2.56
-2.4858,2.56
-2.4856,2.56
-2.4854,2.48
-2.4852,2.48
-2.485,2.56
-2.48479975,2.56
-2.48459975,2.56
-2.4844,2.56
-2.4842,2.56
-2.484,2.56
-2.4838,2.56
-2.4836,2.56
-2.48339975,2.56
-2.48319975,2.56
-2.483,2.48
-2.4828,2.48
-2.4826,2.48
-2.4824,2.56
-2.4822,2.56
-2.48199975,2.56
-2.48179975,2.56
-2.4816,2.56
-2.4814,2.56
-2.4812,2.56
-2.481,2.56
-2.4808,2.48
-2.4806,2.56
-2.48039975,2.56
-2.4802,2.56
-2.48,2.56
-2.4798,2.48
-2.4796,2.56
-2.4794,2.56
-2.4792,2.48
-2.47899975,2.56
-2.47879975,2.48
-2.4786,2.56
-2.4784,2.56
-2.4782,2.48
-2.478,2.56
-2.4778,2.48
-2.47759975,2.56
-2.47739975,2.48
-2.4772,2.56
-2.477,2.56
-2.4768,2.56
-2.4766,2.48
-2.4764,2.48
-2.47619975,2.48
-2.47599975,2.56
-2.4758,2.56
-2.4756,2.48
-2.4754,2.56
-2.4752,2.56
-2.475,2.56
-2.47479975,2.56
-2.47459975,2.56
-2.4744,2.48
-2.4742,2.56
-2.474,2.48
-2.4738,2.56
-2.4736,2.48
-2.4734,2.56
-2.47319975,2.48
-2.473,2.56
-2.4728,2.56
-2.4726,2.56
-2.4724,2.48
-2.4722,2.56
-2.472,2.48
-2.47179975,2.48
-2.4716,2.56
-2.4714,2.56
-2.4712,2.56
-2.471,2.48
-2.4708,2.56
-2.4706,2.56
-2.47039975,2.48
-2.47019975,2.48
-2.47,2.56
-2.4698,2.56
-2.4696,2.56
-2.4694,2.48
-2.4692,2.56
-2.46899975,2.56
-2.46879975,2.48
-2.4686,2.56
-2.4684,2.56
-2.4682,2.56
-2.468,2.56
-2.4678,2.56
-2.46759975,2.56
-2.46739975,2.56
-2.4672,2.48
-2.467,2.48
-2.4668,2.56
-2.4666,2.56
-2.4664,2.56
-2.46619975,2.56
-2.46599975,2.48
-2.4658,2.48
-2.4656,2.56
-2.4654,2.48
-2.4652,2.56
-2.465,2.56
-2.4648,2.56
-2.46459975,2.48
-2.4644,2.56
-2.4642,2.56
-2.464,2.56
-2.4638,2.56
-2.4636,2.56
-2.4634,2.56
-2.46319975,2.56
-2.46299975,2.56
-2.4628,2.48
-2.4626,2.56
-2.4624,2.56
-2.4622,2.48
-2.462,2.56
-2.46179975,2.56
-2.46159975,2.56
-2.4614,2.56
-2.4612,2.56
-2.461,2.56
-2.4608,2.56
-2.4606,2.56
-2.46039975,2.56
-2.46019975,2.56
-2.46,2.48
-2.4598,2.56
-2.4596,2.48
-2.4594,2.56
-2.4592,2.56
-2.45899975,2.48
-2.45879975,2.56
-2.4586,2.56
-2.4584,2.56
-2.4582,2.56
-2.458,2.48
-2.4578,2.56
-2.4576,2.48
-2.45739975,2.56
-2.4572,2.48
-2.457,2.56
-2.4568,2.48
-2.4566,2.56
-2.4564,2.56
-2.4562,2.56
-2.45599975,2.56
-2.4558,2.56
-2.4556,2.56
-2.4554,2.48
-2.4552,2.56
-2.455,2.56
-2.4548,2.56
-2.45459975,2.56
-2.45439975,2.48
-2.4542,2.56
-2.454,2.56
-2.4538,2.48
-2.4536,2.48
-2.4534,2.56
-2.45319975,2.56
-2.45299975,2.56
-2.4528,2.56
-2.4526,2.56
-2.4524,2.56
-2.4522,2.56
-2.452,2.56
-2.45179975,2.56
-2.45159975,2.48
-2.4514,2.56
-2.4512,2.56
-2.451,2.56
-2.4508,2.56
-2.4506,2.56
-2.4504,2.48
-2.45019975,2.56
-2.45,2.56
-2.4498,2.48
-2.4496,2.56
-2.4494,2.56
-2.4492,2.48
-2.449,2.48
-2.44879975,2.56
-2.4486,2.56
-2.4484,2.48
-2.4482,2.56
-2.448,2.56
-2.4478,2.48
-2.4476,2.48
-2.44739975,2.56
-2.44719975,2.48
-2.447,2.48
-2.4468,2.56
-2.4466,2.56
-2.4464,2.48
-2.4462,2.48
-2.44599975,2.56
-2.44579975,2.56
-2.4456,2.56
-2.4454,2.48
-2.4452,2.48
-2.445,2.48
-2.4448,2.56
-2.44459975,2.48
-2.44439975,2.48
-2.4442,2.56
-2.444,2.56
-2.4438,2.48
-2.4436,2.56
-2.4434,2.56
-2.44319975,2.48
-2.44299975,2.48
-2.4428,2.48
-2.4426,2.48
-2.4424,2.56
-2.4422,2.48
-2.442,2.56
-2.4418,2.48
-2.44159975,2.56
-2.4414,2.56
-2.4412,2.48
-2.441,2.48
-2.4408,2.56
-2.4406,2.48
-2.4404,2.56
-2.44019975,2.48
-2.44,2.56
-2.4398,2.56
-2.4396,2.56
-2.4394,2.56
-2.4392,2.48
-2.439,2.56
-2.43879975,2.56
-2.43859975,2.48
-2.4384,2.56
-2.4382,2.56
-2.438,2.56
-2.4378,2.56
-2.4376,2.48
-2.43739975,2.48
-2.43719975,2.56
-2.437,2.56
-2.4368,2.56
-2.4366,2.48
-2.4364,2.48
-2.4362,2.56
-2.43599975,2.48
-2.43579975,2.56
-2.4356,2.56
-2.4354,2.56
-2.4352,2.56
-2.435,2.56
-2.4348,2.56
-2.4346,2.56
-2.43439975,2.56
-2.4342,2.48
-2.434,2.56
-2.4338,2.56
-2.4336,2.56
-2.4334,2.48
-2.4332,2.56
-2.43299975,2.56
-2.4328,2.48
-2.4326,2.56
-2.4324,2.56
-2.4322,2.48
-2.432,2.48
-2.4318,2.48
-2.43159975,2.56
-2.43139975,2.56
-2.4312,2.56
-2.431,2.56
-2.4308,2.56
-2.4306,2.56
-2.4304,2.48
-2.43019975,2.48
-2.42999975,2.56
-2.4298,2.56
-2.4296,2.56
-2.4294,2.56
-2.4292,2.48
-2.429,2.56
-2.42879975,2.48
-2.42859975,2.56
-2.4284,2.56
-2.4282,2.56
-2.428,2.56
-2.4278,2.56
-2.4276,2.56
-2.42739975,2.56
-2.42719975,2.48
-2.427,2.56
-2.4268,2.56
-2.4266,2.56
-2.4264,2.48
-2.4262,2.56
-2.426,2.56
-2.42579975,2.56
-2.4256,2.48
-2.4254,2.56
-2.4252,2.56
-2.425,2.56
-2.4248,2.48
-2.4246,2.56
-2.42439975,2.56
-2.42419975,2.56
-2.424,2.56
-2.4238,2.56
-2.4236,2.56
-2.4234,2.56
-2.4232,2.48
-2.42299975,2.48
-2.42279975,2.56
-2.4226,2.56
-2.4224,2.56
-2.4222,2.48
-2.422,2.48
-2.4218,2.56
-2.42159975,2.56
-2.42139975,2.56
-2.4212,2.48
-2.421,2.56
-2.4208,2.56
-2.4206,2.48
-2.4204,2.56
-2.42019975,2.56
-2.41999975,2.56
-2.4198,2.48
-2.4196,2.56
-2.4194,2.48
-2.4192,2.56
-2.419,2.48
-2.4188,2.48
-2.41859975,2.56
-2.4184,2.56
-2.4182,2.56
-2.418,2.56
-2.4178,2.48
-2.4176,2.48
-2.4174,2.56
-2.41719975,2.56
-2.417,2.48
-2.4168,2.48
-2.4166,2.56
-2.4164,2.56
-2.4162,2.48
-2.416,2.56
-2.41579975,2.56
-2.41559975,2.56
-2.4154,2.48
-2.4152,2.56
-2.415,2.4
-2.4148,2.56
-2.4146,2.56
-2.41439975,2.48
-2.41419975,2.48
-2.414,2.56
-2.4138,2.56
-2.4136,2.56
-2.4134,2.56
-2.4132,2.56
-2.41299975,2.56
-2.41279975,2.48
-2.4126,2.56
-2.4124,2.48
-2.4122,2.56
-2.412,2.48
-2.4118,2.56
-2.41159975,2.48
-2.41139975,2.48
-2.4112,2.56
-2.411,2.48
-2.4108,2.56
-2.4106,2.56
-2.4104,2.48
-2.4102,2.56
-2.40999975,2.56
-2.4098,2.56
-2.4096,2.56
-2.4094,2.48
-2.4092,2.56
-2.409,2.56
-2.4088,2.56
-2.40859975,2.56
-2.40839975,2.56
-2.4082,2.48
-2.408,2.48
-2.4078,2.56
-2.4076,2.56
-2.4074,2.56
-2.40719975,2.56
-2.40699975,2.56
-2.4068,2.48
-2.4066,2.56
-2.4064,2.56
-2.4062,2.56
-2.406,2.56
-2.40579975,2.48
-2.40559975,2.56
-2.4054,2.48
-2.4052,2.56
-2.405,2.48
-2.4048,2.48
-2.4046,2.48
-2.40439975,2.56
-2.40419975,2.48
-2.404,2.56
-2.4038,2.56
-2.4036,2.56
-2.4034,2.48
-2.4032,2.56
-2.403,2.48
-2.40279975,2.48
-2.4026,2.56
-2.4024,2.48
-2.4022,2.56
-2.402,2.56
-2.4018,2.56
-2.4016,2.48
-2.40139975,2.48
-2.4012,2.56
-2.401,2.56
-2.4008,2.56
-2.4006,2.48
-2.4004,2.56
-2.4002,2.56
-2.39999975,2.56
-2.39979975,2.56
-2.3996,2.56
-2.3994,2.56
-2.3992,2.56
-2.399,2.56
-2.3988,2.48
-2.39859975,2.48
-2.39839975,2.56
-2.3982,2.48
-2.398,2.56
-2.3978,2.56
-2.3976,2.56
-2.3974,2.56
-2.39719975,2.56
-2.39699975,2.48
-2.3968,2.48
-2.3966,2.48
-2.3964,2.48
-2.3962,2.48
-2.396,2.56
-2.3958,2.56
-2.39559975,2.56
-2.3954,2.56
-2.3952,2.56
-2.395,2.56
-2.3948,2.56
-2.3946,2.56
-2.3944,2.56
-2.39419975,2.56
-2.394,2.56
-2.3938,2.56
-2.3936,2.56
-2.3934,2.56
-2.3932,2.56
-2.393,2.56
-2.39279975,2.56
-2.39259975,2.56
-2.3924,2.48
-2.3922,2.56
-2.392,2.56
-2.3918,2.56
-2.3916,2.56
-2.39139975,2.48
-2.39119975,2.56
-2.391,2.56
-2.3908,2.56
-2.3906,2.56
-2.3904,2.56
-2.3902,2.48
-2.38999975,2.56
-2.38979975,2.56
-2.3896,2.56
-2.3894,2.56
-2.3892,2.56
-2.389,2.56
-2.3888,2.48
-2.38859975,2.56
-2.38839975,2.56
-2.3882,2.56
-2.388,2.56
-2.3878,2.48
-2.3876,2.56
-2.3874,2.48
-2.3872,2.56
-2.38699975,2.56
-2.3868,2.48
-2.3866,2.48
-2.3864,2.56
-2.3862,2.56
-2.386,2.56
-2.3858,2.48
-2.38559975,2.56
-2.3854,2.56
-2.3852,2.56
-2.385,2.48
-2.3848,2.56
-2.3846,2.48
-2.3844,2.56
-2.38419975,2.56
-2.38399975,2.48
-2.3838,2.56
-2.3836,2.48
-2.3834,2.48
-2.3832,2.48
-2.383,2.48
-2.38279975,2.48
-2.38259975,2.48
-2.3824,2.56
-2.3822,2.56
-2.382,2.56
-2.3818,2.56
-2.3816,2.56
-2.38139975,2.56
-2.38119975,2.48
-2.381,2.56
-2.3808,2.48
-2.3806,2.56
-2.3804,2.48
-2.3802,2.48
-2.38,2.56
-2.37979975,2.56
-2.3796,2.48
-2.3794,2.56
-2.3792,2.48
-2.379,2.48
-2.3788,2.48
-2.3786,2.48
-2.37839975,2.56
-2.3782,2.56
-2.378,2.56
-2.3778,2.56
-2.3776,2.56
-2.3774,2.56
-2.3772,2.56
-2.37699975,2.56
-2.37679975,2.56
-2.3766,2.56
-2.3764,2.56
-2.3762,2.56
-2.376,2.56
-2.3758,2.56
-2.37559975,2.56
-2.37539975,2.56
-2.3752,2.56
-2.375,2.56
-2.3748,2.56
-2.3746,2.56
-2.3744,2.56
-2.37419975,2.56
-2.37399975,2.56
-2.3738,2.48
-2.3736,2.56
-2.3734,2.48
-2.3732,2.48
-2.373,2.56
-2.37279975,2.56
-2.37259975,2.56
-2.3724,2.56
-2.3722,2.56
-2.372,2.56
-2.3718,2.56
-2.3716,2.56
-2.3714,2.48
-2.37119975,2.56
-2.371,2.48
-2.3708,2.56
-2.3706,2.56
-2.3704,2.56
-2.3702,2.56
-2.37,2.56
-2.36979975,2.56
-2.3696,2.56
-2.3694,2.56
-2.3692,2.56
-2.369,2.48
-2.3688,2.48
-2.3686,2.56
-2.36839975,2.48
-2.36819975,2.56
-2.368,2.48
-2.3678,2.56
-2.3676,2.56
-2.3674,2.56
-2.3672,2.56
-2.36699975,2.56
-2.36679975,2.48
-2.3666,2.48
-2.3664,2.56
-2.3662,2.48
-2.366,2.48
-2.3658,2.56
-2.36559975,2.48
-2.36539975,2.48
-2.3652,2.48
-2.365,2.56
-2.3648,2.48
-2.3646,2.48
-2.3644,2.48
-2.3642,2.56
-2.36399975,2.56
-2.3638,2.56
-2.3636,2.56
-2.3634,2.56
-2.3632,2.56
-2.363,2.48
-2.3628,2.56
-2.36259975,2.56
-2.3624,2.56
-2.3622,2.56
-2.362,2.56
-2.3618,2.48
-2.3616,2.56
-2.3614,2.56
-2.36119975,2.56
-2.36099975,2.48
-2.3608,2.56
-2.3606,2.56
-2.3604,2.56
-2.3602,2.56
-2.36,2.56
-2.35979975,2.48
-2.35959975,2.48
-2.3594,2.48
-2.3592,2.48
-2.359,2.56
-2.3588,2.56
-2.3586,2.48
-2.35839975,2.56
-2.35819975,2.56
-2.358,2.48
-2.3578,2.56
-2.3576,2.48
-2.3574,2.48
-2.3572,2.56
-2.35699975,2.56
-2.35679975,2.48
-2.3566,2.56
-2.3564,2.48
-2.3562,2.48
-2.356,2.48
-2.3558,2.56
-2.3556,2.56
-2.35539975,2.48
-2.3552,2.56
-2.355,2.56
-2.3548,2.56
-2.3546,2.56
-2.3544,2.48
-2.3542,2.56
-2.35399975,2.56
-2.3538,2.48
-2.3536,2.48
-2.3534,2.56
-2.3532,2.56
-2.353,2.48
-2.3528,2.48
-2.35259975,2.56
-2.35239975,2.56
-2.3522,2.56
-2.352,2.56
-2.3518,2.56
-2.3516,2.48
-2.3514,2.56
-2.35119975,2.48
-2.35099975,2.56
-2.3508,2.56
-2.3506,2.56
-2.3504,2.56
-2.3502,2.48
-2.35,2.56
-2.34979975,2.48
-2.34959975,2.56
-2.3494,2.56
-2.3492,2.56
-2.349,2.56
-2.3488,2.56
-2.3486,2.56
-2.3484,2.56
-2.34819975,2.56
-2.348,2.56
-2.3478,2.56
-2.3476,2.48
-2.3474,2.56
-2.3472,2.48
-2.347,2.56
-2.34679975,2.48
-2.3466,2.56
-2.3464,2.48
-2.3462,2.48
-2.346,2.48
-2.3458,2.48
-2.3456,2.56
-2.34539975,2.56
-2.34519975,2.56
-2.345,2.56
-2.3448,2.48
-2.3446,2.48
-2.3444,2.48
-2.3442,2.48
-2.34399975,2.56
-2.34379975,2.56
-2.3436,2.48
-2.3434,2.48
-2.3432,2.56
-2.343,2.48
-2.3428,2.56
-2.34259975,2.56
-2.34239975,2.56
-2.3422,2.48
-2.342,2.56
-2.3418,2.56
-2.3416,2.56
-2.3414,2.48
-2.34119975,2.56
-2.34099975,2.56
-2.3408,2.48
-2.3406,2.56
-2.3404,2.48
